[
  {
    "name": "qwerty",
    "label": "Default",
    "isLocked": false,
    "authors": [
      "ninesol"
    ]
  },
  {
    "name": "fonttwo",
    "label": "\uD835\uDD8B\uD835\uDD94\uD835\uDD93\uD835\uDD99",
    "isLocked": false,
    "isAllSupported": false,
    "authors": [
      "ninesol"
    ]
  },
  {
    "name": "fontthree",
    "label": "\uD83C\uDD75\uD83C\uDD7E\uD83C\uDD7D\uD83C\uDD83",
    "isLocked": false,
    "authors": [
      "ninesol"
    ]
  },
  {
    "name": "fontfourth",
    "label": "ꜰᴏɴᴛ",
    "isLocked": false,
    "authors": [
      "ninesol"
    ]
  },
  {
    "name": "fontfive",
    "label": "ⓕⓞⓝⓣ",
    "authors": [
      "ninesol"
    ]
  },
  {
    "name": "fontsix",
    "label": "Ŧ๏ภՇ",
    "authors": [
      "ninesol"
    ]
  },
  {
    "name": "fontseven",
    "label": "\uD835\uDCBB♡\uD835\uDCC3\uD835\uDCC9",
    "isAllSupported": false,
    "authors": [
      "ninesol"
    ]
  },
  {
    "name": "fonteight",
    "label": "░f░o░n░t░",
    "isLocked": false,
    "authors": [
      "ninesol"
    ]
  },
  {
    "name": "fontnine",
    "label": "[̲̅f][̲̅o][̲̅n][̲̅t]",
    "authors": [
      "ninesol"
    ]
  },
  {
    "name": "fontten",
    "label": "f͓̽o͓̽n͓̽t͓̽",
    "authors": [
      "ninesol"
    ]
  },
  {
    "name": "font11",
    "label": "\uD83C\uDD55\uD83C\uDD5E\uD83C\uDD5D\uD83C\uDD63",
    "authors": [
      "ninesol"
    ]
  },
  {
    "name": "font12",
    "label": "f̶o̶n̶t̶",
    "isLocked": false,
    "authors": [
      "ninesol"
    ]
  },
  {
    "name": "font13",
    "label": "f̴o̴n̴t̴",
    "authors": [
      "ninesol"
    ]
  },
  {
    "name": "font14",
    "label": "f̷o̷n̷t̷",
    "isLocked": false,
    "authors": [
      "ninesol"
    ]
  },
  {
    "name": "font15",
    "label": "f♥o♥n♥t̲",
    "isLocked": false,
    "authors": [
      "ninesol"
    ]
  },
  {
    "name": "font16",
    "label": "f҉o҉n҉t҉",
    "isLocked": false,
    "authors": [
      "ninesol"
    ]
  },
  {
    "name": "font18",
    "label": "⒡⒪⒩⒯",
    "isLocked": false,
    "authors": [
      "ninesol"
    ]
  },
  {
    "name": "font19",
    "label": "\uD835\uDE5B\uD835\uDE64\uD835\uDE63\uD835\uDE69",
    "isLocked": false,
    "isAllSupported": false,
    "authors": [
      "ninesol"
    ]
  },
  {
    "name": "font20",
    "label": "ɟouʇ",
    "authors": [
      "ninesol"
    ]
  },
  {
    "name": "font21",
    "label": "ғὄᾗҭ",
    "authors": [
      "ninesol"
    ]
  },
  {
    "name": "font22",
    "label": "\uD835\uDD57\uD835\uDD46几т",
    "isAllSupported": false,
    "authors": [
      "ninesol"
    ]
  },
  {
    "name": "font23",
    "label": "千ㄖ几ㄒ",
    "authors": [
      "ninesol"
    ]
  },
  {
    "name": "font24",
    "label": "ᖴOᑎT",
    "authors": [
      "ninesol"
    ]
  },
  {
    "name": "font25",
    "label": "ғoɴт",
    "isLocked": false,
    "authors": [
      "ninesol"
    ]
  },
  {
    "name": "font26",
    "label": "\uD835\uDE8F\uD835\uDE98\uD835\uDE97\uD835\uDE9D",
    "isAllSupported": false,
    "authors": [
      "ninesol"
    ]
  },
  {
    "name": "font27",
    "label": "≋f≋o≋n≋t≋",
    "authors": [
      "ninesol"
    ]
  },
  {
    "name": "font28",
    "label": "f̲o̲n̲t̲",
    "authors": [
      "ninesol"
    ]
  },
  {
    "name": "font29",
    "label": "『f』『o』『n』『t』",
    "authors": [
      "ninesol"
    ]
  },
  {
    "name": "font30",
    "label": "f̑̈ȏ̈ñ̑̈t̑̈",
    "authors": [
      "ninesol"
    ]
  },
  {
    "name": "font31",
    "label": "☾☀︎︎☏︎༒︎",
    "authors": [
      "ninesol"
    ]
  },
  {
    "name": "font32",
    "label": "༄︎☢︎︎༄☦︎",
    "authors": [
      "ninesol"
    ]
  },
  {
    "name": "font33",
    "label": "\uD80C\uDC2C\uD80C\uDD53\uD80C\uDCE0︎",
    "isAllSupported": false,
    "authors": [
      "ninesol"
    ]
  },
  {
    "name": "font34",
    "label": "f⃠o⃠n⃠t⃠",
    "authors": [
      "ninesol"
    ]
  },
  {
    "name": "font35",
    "label": "\uD835\uDCBB\uD835\uDC5C\uD835\uDCC3\uD835\uDCC9",
    "isLocked": false,
    "isAllSupported": false,
    "authors": [
      "ninesol"
    ]
  }
]
