{
  "type": "characters/mod",
  "name": "dvorak",
  "label": "Dvorak",
  "authors": [ "patrickgold" ],
  "direction": "ltr",
  "arrangement": [
    [
      { "code":   -1, "label": "shift", "type": "modifier" },
      { "code":    0, "type": "placeholder" },
      { "code":   -5, "label": "delete", "type": "enter_editing" }
    ],
    [
      { "code": -202, "label": "view_symbols", "type": "system_gui" },
      { "$": "auto_text_key", "code":  113, "label": "q", "groupId": 1 },
      { "code": -210, "label": "language_switch", "type": "system_gui" },
      { "code": -213, "label": "switch_to_media_context", "type": "system_gui" },
      { "code":   32, "label": "space" },
      { "$": "auto_text_key", "code":  122, "label": "z", "groupId": 2 },
      { "code":   10, "label": "enter", "groupId": 3, "type": "enter_editing" }
    ]
  ]
}
