{
  "type": "characters/mod",
  "name": "jis",
  "label": "JIS",
  "authors": [ "waelwindows" ],
  "direction": "ltr",
  "arrangement": [
    [
      { "code":     0, "type": "placeholder" },
      { "code":    -5, "label": "delete", "type": "enter_editing" }
    ],
    [
      { "code":  -202, "label": "view_symbols", "type": "system_gui" },
      { "$": "char_width_selector",
        "full": { "code": 12289, "label": "、", "groupId": 1 },
        "half": { "code": 65380, "label": "､", "groupId": 1 }
      },
      { "code":  -210, "label": "language_switch", "type": "system_gui" },
      { "code":  -213, "label": "switch_to_media_context", "type": "system_gui" },
      { "code": 12288, "label": "空白" },
      { "code": -9710, "label": "かな", "groupId": 97, "type": "system_gui" },
      { "$": "char_width_selector",
        "full": { "code": 12290, "label": "。", "groupId": 2 },
        "half": { "code": 65377, "label": "｡", "groupId": 2 }
      },
      { "code":    10, "label": "enter", "groupId": 3, "type": "enter_editing" }
    ]
  ]
}
