{
  "type": "symbols/mod",
  "name": "neo2",
  "label": "Neo2",
  "authors": [ "ostrya" ],
  "direction": "ltr",
  "arrangement": [
    [
      { "code": -203, "label": "view_symbols2", "type": "system_gui" },
      { "code":    0, "type": "placeholder" },
      { "code":   -5, "label": "delete", "type": "enter_editing" }
    ],
    [
      { "code": -201, "label": "view_characters", "type": "system_gui" },
      { "code": -205, "label": "view_numeric_advanced", "type": "system_gui" },
      { "code":   32, "label": "space" },
      { "code":   34, "label": "\"" },
      { "code":   39, "label": "'" },
      { "code":   10, "label": "enter", "groupId": 3, "type": "enter_editing" }
    ]
  ]
}
