{
  "type": "numeric_row",
  "name": "gujarati",
  "label": "Gujarati",
  "authors": [ "yashpalgoyal1304" ],
  "direction": "ltr",
  "arrangement": [
    [
      { "code": 2791, "label": "૧", "type": "numeric", "popup": {
        "main": { "code":   49, "label": "1" },
        "relevant": [
          { "code": 8537, "label": "⅙" },
          { "code": 8528, "label": "⅐" },
          { "code": 8539, "label": "⅛" },
          { "code": 8529, "label": "⅑" },
          { "code": 8530, "label": "⅒" },
          { "code":  185, "label": "¹" },
          { "code":  189, "label": "½" },
          { "code": 8531, "label": "⅓" },
          { "code":  188, "label": "¼" },
          { "code": 8533, "label": "⅕" }
        ]
      } },
      { "code": 2792, "label": "૨", "type": "numeric", "popup": {
        "main": { "code":   50, "label": "2" },
        "relevant": [
          { "code": 8532, "label": "⅔" },
          { "code":  178, "label": "²" },
          { "code": 8534, "label": "⅖" }
        ]
      } },
      { "code": 2793, "label": "૩", "type": "numeric", "popup": {
        "main": { "code":   51, "label": "3" },
        "relevant": [
          { "code": 8535, "label": "⅗" },
          { "code":  190, "label": "¾" },
          { "code":  179, "label": "³" },
          { "code": 8540, "label": "⅜" }
        ]
      } },
      { "code": 2794, "label": "૪", "type": "numeric", "popup": {
        "main": { "code":   52, "label": "4" },
        "relevant": [
          { "code": 8536, "label": "⅘" },
          { "code": 8308, "label": "⁴" }
        ]
      } },
      { "code": 2795, "label": "૫", "type": "numeric", "popup": {
        "main": { "code":   53, "label": "5" },
        "relevant": [
          { "code": 8538, "label": "⅚" },
          { "code": 8309, "label": "⁵" },
          { "code": 8541, "label": "⅝" }
        ]
      } },
      { "code": 2796, "label": "૬", "type": "numeric", "popup": {
        "main": { "code":   54, "label": "6" },
        "relevant": [
          { "code": 8310, "label": "⁶" }
        ]
      } },
      { "code": 2797, "label": "૭", "type": "numeric", "popup": {
        "main": { "code":   55, "label": "7" },
        "relevant": [
          { "code": 8542, "label": "⅞" },
          { "code": 8311, "label": "⁷" }
        ]
      } },
      { "code": 2798, "label": "૮", "type": "numeric", "popup": {
        "main": { "code":   56, "label": "8" },
        "relevant": [
          { "code": 8312, "label": "⁸" }
        ]
      } },
      { "code": 2799, "label": "૯", "type": "numeric", "popup": {
        "main": { "code":   57, "label": "9" },
        "relevant": [
          { "code": 8313, "label": "⁹" }
        ]
      } },
      { "code": 2790, "label": "૦", "type": "numeric", "popup": {
        "main": { "code":   48, "label": "0" },
        "relevant": [
          { "code": 8319, "label": "ⁿ" },
          { "code": 8709, "label": "∅" },
          { "code": 8304, "label": "⁰" }
        ]
      } }
    ]
  ]
}
