{
  "type": "numeric_row",
  "name": "western_arabic",
  "label": "Western Arabic",
  "authors": [ "patrickgold" ],
  "direction": "ltr",
  "arrangement": [
    [
      { "code":   49, "label": "1", "type": "numeric", "popup": {
        "main": { "code":  185, "label": "¹" },
        "relevant": [
          { "code": 8537, "label": "⅙" },
          { "code": 8528, "label": "⅐" },
          { "code": 8539, "label": "⅛" },
          { "code": 8529, "label": "⅑" },
          { "code": 8530, "label": "⅒" },
          { "code":  189, "label": "½" },
          { "code": 8531, "label": "⅓" },
          { "code":  188, "label": "¼" },
          { "code": 8533, "label": "⅕" }
        ]
      } },
      { "code":   50, "label": "2", "type": "numeric", "popup": {
        "main": { "code":  178, "label": "²" },
        "relevant": [
          { "code": 8532, "label": "⅔" },
          { "code": 8534, "label": "⅖" }
        ]
      } },
      { "code":   51, "label": "3", "type": "numeric", "popup": {
        "main": { "code":  179, "label": "³" },
        "relevant": [
          { "code": 8535, "label": "⅗" },
          { "code":  190, "label": "¾" },
          { "code": 8540, "label": "⅜" }
        ]
      } },
      { "code":   52, "label": "4", "type": "numeric", "popup": {
        "main": { "code": 8308, "label": "⁴" },
        "relevant": [
          { "code": 8536, "label": "⅘" }
        ]
      } },
      { "code":   53, "label": "5", "type": "numeric", "popup": {
        "main": { "code": 8309, "label": "⁵" },
        "relevant": [
          { "code": 8538, "label": "⅚" },
          { "code": 8541, "label": "⅝" }
        ]
      } },
      { "code":   54, "label": "6", "type": "numeric", "popup": {
        "main": { "code": 8310, "label": "⁶" }
      } },
      { "code":   55, "label": "7", "type": "numeric", "popup": {
        "main": { "code": 8311, "label": "⁷" },
        "relevant": [
          { "code": 8542, "label": "⅞" }
        ]
      } },
      { "code":   56, "label": "8", "type": "numeric", "popup": {
        "main": { "code": 8312, "label": "⁸" }
      } },
      { "code":   57, "label": "9", "type": "numeric", "popup": {
        "main": { "code": 8313, "label": "⁹" }
      } },
      { "code":   48, "label": "0", "type": "numeric", "popup": {
        "main": { "code": 8304, "label": "⁰" },
        "relevant": [
          { "code": 8709, "label": "∅" },
          { "code": 8319, "label": "ⁿ" }
        ]
      } }
    ]
  ]
}
