{
  "type": "symbols2/mod",
  "name": "$default",
  "label": "Default",
  "authors": [ "patrickgold" ],
  "direction": "ltr",
  "arrangement": [
    [
      { "code": -202, "label": "view_symbols", "type": "system_gui" },
      { "code":    0, "type": "placeholder" },
      { "code":   -5, "label": "delete", "type": "enter_editing" }
    ],
    [
      { "code": -201, "label": "view_characters", "type": "system_gui" },
      { "code":   60, "label": "<", "popup": {
        "relevant": [
          { "code":  171, "label": "«" },
          { "code": 8804, "label": "≤" },
          { "code": 8249, "label": "‹" },
          { "code":10216, "label": "⟨" }
        ]
      } },
      { "code": -205, "label": "view_numeric_advanced", "type": "system_gui" },
      { "code":   32, "label": "space" },
      { "code":   62, "label": ">", "popup": {
        "relevant": [
          { "code":10217, "label": "⟩" },
          { "code": 8250, "label": "›" },
          { "code": 8805, "label": "≥" },
          { "code":  187, "label": "»" }
        ]
      } },
      { "code":   10, "label": "enter", "groupId": 3, "type": "enter_editing" }
    ]
  ]
}
