{
  "type": "symbols2",
  "name": "persian",
  "label": "Persian",
  "authors": [ "patrickgold" ],
  "direction": "ltr",
  "arrangement": [
    [
      { "code":  126, "label": "~" },
      { "code":   96, "label": "`" },
      { "code":  124, "label": "|" },
      { "code": 8226, "label": "•", "popup": {
        "main": { "code": 9834, "label": "♪" },
        "relevant": [
          { "code": 9827, "label": "♣" },
          { "code": 9824, "label": "♠" },
          { "code": 9829, "label": "♥" },
          { "code": 9830, "label": "♦" }
        ]
      } },
      { "code": 8730, "label": "√" },
      { "code":  960, "label": "π", "popup": {
        "main": { "code":  928, "label": "Π" },
        "relevant": [
          { "code":  969, "label": "ω" },
          { "code":  945, "label": "α" },
          { "code":  946, "label": "β" },
          { "code":  937, "label": "Ω" },
          { "code":  956, "label": "μ" }
        ]
      } },
      { "code":  247, "label": "÷" },
      { "code":  215, "label": "×" },
      { "code":  182, "label": "¶", "popup": {
        "main": { "code":  167, "label": "§" }
      } },
      { "code": 8710, "label": "∆" }
    ],
    [
      { "code": -805, "label": "currency_slot_5" },
      { "code": -804, "label": "currency_slot_4" },
      { "code": -803, "label": "currency_slot_3" },
      { "code": -802, "label": "currency_slot_2" },
      { "code":   94, "label": "^", "popup": {
        "main": { "code": 8593, "label": "↑" },
        "relevant": [
          { "code": 8592, "label": "←" },
          { "code": 8595, "label": "↓" },
          { "code": 8594, "label": "→" }
        ]
      } },
      { "code":  176, "label": "°", "popup": {
        "main": { "code": 8242, "label": "′" },
        "relevant": [
          { "code": 8243, "label": "″" }
        ]
      } },
      { "code":   61, "label": "=", "popup": {
        "main": { "code": 8800, "label": "≠" },
        "relevant": [
          { "code": 8734, "label": "∞" },
          { "code": 8776, "label": "≈" }
        ]
      } },
      { "code":  123, "label": "{", "popup": {
        "main": { "code":   40, "label": "(" }
      } },
      { "code":  125, "label": "}", "popup": {
        "main": { "code":   41, "label": ")" }
      } },
      { "code":   92, "label": "\\" }
    ],
    [
      { "code":   95, "label": "_" },
      { "code":  169, "label": "©" },
      { "code":  174, "label": "®" },
      { "code": 8482, "label": "™" },
      { "code": 10003, "label": "✓" },
      { "code":   91, "label": "[" },
      { "code":   93, "label": "]" }
    ]
  ]
}
