{
  "type": "characters/extended_popups",
  "name": "bg",
  "authors": [ "iorvethe" ],
  "mapping": {
    "all": {
      "и": {
        "relevant": [
          { "$": "auto_text_key", "code": 1117, "label": "ѝ" }
        ]
      },
      "~right": {
        "main": { "code":   44, "label": "," },
        "relevant": [
          { "code":   38, "label": "&" },
          { "code":   37, "label": "%" },
          { "code":   43, "label": "+" },
          { "code":   34, "label": "\"" },
          { "code":   45, "label": "-" },
          { "code":   58, "label": ":" },
          { "code":   39, "label": "'" },
          { "code":   64, "label": "@" },
          { "code":   59, "label": ";" },
          { "code":   47, "label": "/" },
          { "code":   40, "label": "(" },
          { "code":   41, "label": ")" },
          { "code":   35, "label": "#" },
          { "code":   33, "label": "!" },
          { "code":   63, "label": "?" }
        ]
      }
    },
    "uri": {
      "~right": {
        "main": { "code": -255, "label": ".com" },
        "relevant": [
          { "code": -255, "label": ".bg" },
          { "code": -255, "label": ".edu" },
          { "code": -255, "label": ".org" },
          { "code": -255, "label": ".net" }
        ]
      }
    }
  }
}
