{
  "type": "characters/extended_popups",
  "name": "ckb",
  "authors": [ "GoRaN" ],
  "mapping": {
    "all": {
      "ﻪ": {
        "relevant": [
          { "code": 1729, "label": "ـہ" }
        ]
      },
      "ر": {
        "relevant": [
          { "code": 1682, "label": "ڒ" }
        ]
      },
      "ی": {
        "relevant": [
          { "code": 1746, "label": "ے" },
          { "code": 1741, "label": "ۍ" },
          { "code": 1744, "label": "ې" },
          { "code": 1610, "label": "ي" },
          { "code": 1597, "label": "ؽ" }
        ]
      },


      "ﺋ": {
        "relevant": [
          { "code": 65163, "label": "ﺋ" },
          { "code": 65139, "label": "ﹳ" }
        ]
      },
      "ح": {
        "relevant": [
          { "code": 65010, "label": "ﷲ" },
          { "code": 65019, "label": "ﷻ" }
        ]
      },

      "ع": {
        "relevant": [
          { "code": 1551, "label": "؏" }
        ]
      },

      "ۆ": {
        "relevant": [
          { "code": 1743, "label": "ۏ" },
          { "code": 1735, "label": "ۇ" },
          { "code": 1737, "label": "ۉ" },
          { "code": 1738, "label": "ۊ" },
          { "code": 1572, "label": "ؤ" },
          { "code": 1739, "label": "ۋ" }
        ]
      },

      "ف": {
        "relevant": [
          { "code": 1701, "label": "ڥ" },
          { "code": 1698, "label": "ڢ" },
          { "code": 1697, "label": "ڡ" }
        ]
      },

      "د": {
        "relevant": [
          { "code": 1676, "label": "ڌ" },
          { "code": 64390, "label": "ﮆ" },
          { "code": 1774, "label": "ۮ" }
        ]
      },
      "ھ": {
        "relevant": [
          { "code": 1726, "label": "ھ" }
        ]
      },

      "س": {
        "relevant": [
          { "code": 1589, "label": "ص" }
        ]
      },
      "ش": {
        "relevant": [
          { "code": 1590, "label": "ض" }
        ]
      },
      "ب": {
        "relevant": [
          { "code": 65021, "label": "﷽" }
        ]
      },
      "م": {
        "relevant": [
          { "code": 65018, "label": "ﷺ" },
          { "code": 65012, "label": "ﷴ" }
        ]
      },
      "ل": {
        "relevant": [
          { "code": 1718, "label": "ڶ" },
          { "code": 1719, "label": "ڷ" },
          { "code": 1720, "label": "ڸ" }
        ]
      },
      "ا": {
        "relevant": [
          { "code": 1571, "label": "أ" },
          { "code": 1573, "label": "إ" },
          { "code": 1570, "label": "آ" },
          { "code": 1649, "label": "ٱ" }
        ]
      },
      "ک": {
        "relevant": [
          { "code": 1706, "label": "ڪ" },
          { "code": 1603, "label": "ك"}
        ]
      },

      "~right": {
        "main": { "code": 1567, "label": "؟" },
        "relevant": [
          { "code": 64, "label": "@" },
          { "code": 35, "label": "#" },
          { "code": 42, "label": "*" },
          { "code": 1563, "label": "؛" },
          { "code": 59, "label": ";" },
          { "code": 58, "label": ":" },
          { "code": 44, "label": "," },
          { "code": 1549, "label": "؍" },
          { "code": 45, "label": "-" },
          { "code": 95, "label": "_" },
          { "code": 1600, "label": "▬" },
          { "code": 33, "label": "!" },
          { "code": 1548, "label": "،" }
        ]
      }
    },
    "uri": {
      "~right": {
        "main": { "code": -255, "label": ".krd"},
        "relevant": [
          { "code": -255, "label": ".gov" },
          { "code": -255, "label": ".edu" },
          { "code": -255, "label": ".com" },
          { "code": -255, "label": ".org" },
          { "code": -255, "label": ".net" },
          { "code": -255, "label": ".iq" },
          { "code": -255, "label": ".tv" }
        ]
      }
    }
  }
}
