{
  "type": "characters/extended_popups",
  "name": "eo",
  "authors": [ "jeremiah-miller" ],
  "mapping":{
    "all": {
      "c": {
        "relevant": [
          { "$": "auto_text_key", "code":  265, "label": "ĉ" }
        ]
      },
      "g": {
        "relevant": [
          { "$": "auto_text_key", "code":  285, "label": "ĝ" }
        ]
      },
      "h": {
        "relevant": [
          { "$": "auto_text_key", "code":  293, "label": "ĥ" }
        ]
      },
      "j": {
        "relevant": [
          { "$": "auto_text_key", "code":  309, "label": "ĵ" }
        ]
      },
      "s": {
        "relevant": [
          { "$": "auto_text_key", "code":  349, "label": "ŝ" }
        ]
      },
      "u": {
        "relevant": [
          { "$": "auto_text_key", "code":  365, "label": "ŭ" }
        ]
      },
      "q": {
        "relevant": [
          { "$": "auto_text_key", "code":  349, "label": "ŝ" }
        ]
      },
      "w": {
        "relevant": [
          { "$": "auto_text_key", "code":  285, "label": "ĝ" }
        ]
      },
      "x": {
        "relevant": [
          { "$": "auto_text_key", "code":  265, "label": "ĉ" }
        ]
      },
      "y": {
        "relevant": [
          { "$": "auto_text_key", "code":  365, "label": "ŭ" }
        ]
      },
      "~right": {
        "main": { "code":   44, "label": "," },
        "relevant": [
          { "code":   38, "label": "&" },
          { "code":   37, "label": "%" },
          { "code":   43, "label": "+" },
          { "code":   34, "label": "\"" },
          { "code":   45, "label": "-" },
          { "code":   58, "label": ":" },
          { "code":   39, "label": "'" },
          { "code":   64, "label": "@" },
          { "code":   59, "label": ";" },
          { "code":   47, "label": "/" },
          { "code":   40, "label": "(" },
          { "code":   41, "label": ")" },
          { "code":   35, "label": "#" },
          { "code":   33, "label": "!" },
          { "code":   63, "label": "?" }
        ]
      }
    },
    "uri": {
      "~right": {
        "main": { "code": -255, "label": ".com" },
        "relevant": [
          { "code": -255, "label": ".gov" },
          { "code": -255, "label": ".edu" },
          { "code": -255, "label": ".org" },
          { "code": -255, "label": ".net" }
        ]
      }
    }
  }
}
