{
  "type": "characters/extended_popups",
  "name": "hr",
  "authors": [ "hedidnothingwrong" ],
  "mapping": {
    "all": {
      "c": {
        "relevant": [
          { "$": "auto_text_key", "code":  269, "label": "č" },
          { "$": "auto_text_key", "code":  263, "label": "ć" }
        ]
      },
      "d": {
        "relevant": [
          { "$": "auto_text_key", "code":  273, "label": "đ" }
        ]
      },
      "s": {
        "relevant": [
          { "$": "auto_text_key", "code":  353, "label": "š" }
        ]
      },
      "z": {
        "relevant": [
          { "$": "auto_text_key", "code":  382, "label": "ž" }
        ]
      },
      "~right": {
        "main": { "code":   44, "label": "," },
        "relevant": [
          { "code":   38, "label": "&" },
          { "code":   37, "label": "%" },
          { "code":   43, "label": "+" },
          { "code":   34, "label": "\"" },
          { "code":   45, "label": "-" },
          { "code":   58, "label": ":" },
          { "code":   39, "label": "'" },
          { "code":   64, "label": "@" },
          { "code":   59, "label": ";" },
          { "code":   47, "label": "/" },
          { "code":   40, "label": "(" },
          { "code":   41, "label": ")" },
          { "code":   35, "label": "#" },
          { "code":   33, "label": "!" },
          { "code":   63, "label": "?" }
        ]
      }
    },
    "uri": {
      "~right": {
        "main": { "code": -255, "label": ".com" },
        "relevant": [
          { "code": -255, "label": ".eu" },
          { "code": -255, "label": ".hr" },
          { "code": -255, "label": ".org" },
          { "code": -255, "label": ".net" }
        ]
      }
    }
  }
}
