{
  "type": "characters/extended_popups",
  "name": "hu",
  "authors": [ "zoli111, gabik65" ],
  "mapping": {
    "all": {
      "a": {
        "relevant": [
          { "$": "auto_text_key", "code":  225, "label": "á" }
        ]
      },
      "e": {
        "relevant": [
          { "$": "auto_text_key", "code":  233, "label": "é" }
        ]
      },
      "i": {
        "relevant": [
          { "$": "auto_text_key", "code":  237, "label": "í" }
        ]
      },
      "o": {
        "relevant": [
          { "$": "auto_text_key", "code":  243, "label": "ó" },
          { "$": "auto_text_key", "code":  246, "label": "ö" },
          { "$": "auto_text_key", "code":  337, "label": "ő" }
        ]
      },
      "u": {
        "relevant": [
          { "$": "auto_text_key", "code":  250, "label": "ú" },
          { "$": "auto_text_key", "code":  252, "label": "ü" },
          { "$": "auto_text_key", "code":  369, "label": "ű" }
        ]
      },
      "~right": {
        "main": { "code":   44, "label": "," },
        "relevant": [
          { "code":   38, "label": "&" },
          { "code":   37, "label": "%" },
          { "code":   43, "label": "+" },
          { "code":   34, "label": "\"" },
          { "code":   45, "label": "-" },
          { "code":   58, "label": ":" },
          { "code":   39, "label": "'" },
          { "code":   64, "label": "@" },
          { "code":   59, "label": ";" },
          { "code":   47, "label": "/" },
          { "code":   40, "label": "(" },
          { "code":   41, "label": ")" },
          { "code":   35, "label": "#" },
          { "code":   33, "label": "!" },
          { "code":   63, "label": "?" }
        ]
      }
    },
    "uri": {
      "~right": {
        "main": { "code": -255, "label": ".com" },
        "relevant": [
          { "code": -255, "label": ".gov" },
          { "code": -255, "label": ".edu" },
          { "code": -255, "label": ".hu" },
          { "code": -255, "label": ".org" },
          { "code": -255, "label": ".net" }
        ]
      }
    }
  }
}
