{
  "type": "characters/extended_popups",
  "name": "ku",
  "authors": [ "GoRaN" ],
  "mapping": {
    "all": {
      "a": {
        "relevant": [
          { "$": "auto_text_key", "code":  229, "label": "å" },
          { "$": "auto_text_key", "code":  225, "label": "á" },
          { "$": "auto_text_key", "code":  226, "label": "â" },
          { "$": "auto_text_key", "code":  227, "label": "ã" },
          { "$": "auto_text_key", "code":  257, "label": "ā" },
          { "$": "auto_text_key", "code":  230, "label": "æ" },
          { "$": "auto_text_key", "code":  228, "label": "ä" },
          { "$": "auto_text_key", "code":  224, "label": "à" }
        ]
      },
      "c": {
        "main": { "$": "auto_text_key", "code":  231, "label": "ç" },
        "relevant": [
          { "$": "auto_text_key", "code":  269, "label": "č" },
          { "$": "auto_text_key", "code":  265, "label": "ĉ" },
          { "$": "auto_text_key", "code":  263, "label": "ć" }
        ]
      },
      "e": {
        "relevant": [
          { "$": "auto_text_key", "code":  233, "label": "é" },
          { "$": "auto_text_key", "code":  275, "label": "ē" },
          { "$": "auto_text_key", "code":  281, "label": "ę" },
          { "$": "auto_text_key", "code":  279, "label": "ė" },
          { "$": "auto_text_key", "code":  234, "label": "ê" },
          { "$": "auto_text_key", "code":  232, "label": "è" },
          { "$": "auto_text_key", "code":  235, "label": "ë" }
        ]
      },
      "r": {
        "main": { "$": "auto_text_key", "code":  345, "label": "ř" }

      },
      "g": {
        "main": { "$": "auto_text_key", "code":  285, "label": "ĝ" }
      },
      "h": {
        "main": { "$": "auto_text_key", "code": 293, "label": "ĥ" }
      },
      "j": {
        "main": { "$": "auto_text_key", "code": 309, "label": "ĵ" }
      },
      "n": {
        "relevant": [
          { "$": "auto_text_key", "code":  328, "label": "ň" },
          { "$": "auto_text_key", "code":  241, "label": "ñ" }
        ]
      },
      "o": {
        "main": { "$": "auto_text_key", "code":  246, "label": "ö" },
        "relevant": [
          { "$": "auto_text_key", "code":  333, "label": "ō" },
          { "$": "auto_text_key", "code":  248, "label": "ø" },
          { "$": "auto_text_key", "code":  243, "label": "ó" },
          { "$": "auto_text_key", "code":  245, "label": "õ" },
          { "$": "auto_text_key", "code":  242, "label": "ò" },
          { "$": "auto_text_key", "code":  339, "label": "œ" },
          { "$": "auto_text_key", "code":  244, "label": "ô" }
        ]
      },
      "s": {
        "main": { "$": "auto_text_key", "code":  219, "label": "ș" },
        "relevant": [
          { "$": "auto_text_key", "code":  347, "label": "ś" },
          { "$": "auto_text_key", "code":  349, "label": "ŝ" },
          { "$": "auto_text_key", "code":  353, "label": "š" }
        ]
      },
      "u": {
        "main": { "$": "auto_text_key", "code":  251, "label": "û" },
        "relevant": [
          { "$": "auto_text_key", "code":  363, "label": "ū" },
          { "$": "auto_text_key", "code":  249, "label": "ù" },
          { "$": "auto_text_key", "code":  250, "label": "ú" },
          { "$": "auto_text_key", "code":  252, "label": "ü" }
        ]
      },
      "y": {
        "relevant": [
          { "$": "auto_text_key", "code":  253, "label": "ý" }
        ]
      },
      "z": {
        "relevant": [
          { "$": "auto_text_key", "code":  382, "label": "ž" }
        ]
      },
      "~right": {
        "main": { "code":   44, "label": "," },
        "relevant": [
          { "code":   38, "label": "&" },
          { "code":   37, "label": "%" },
          { "code":   43, "label": "+" },
          { "code":   34, "label": "\"" },
          { "code":   45, "label": "-" },
          { "code":   58, "label": ":" },
          { "code":   39, "label": "'" },
          { "code":   64, "label": "@" },
          { "code":   59, "label": ";" },
          { "code":   47, "label": "/" },
          { "code":   40, "label": "(" },
          { "code":   41, "label": ")" },
          { "code":   35, "label": "#" },
          { "code":   33, "label": "!" },
          { "code":   63, "label": "?" }
        ]
      }
    },
    "uri": {
      "~right": {
        "main": { "code": -255, "label": ".krd" },
        "relevant": [
          { "code": -255, "label": ".gov" },
          { "code": -255, "label": ".org" },
          { "code": -255, "label": ".edu" },
          { "code": -255, "label": ".com" },
          { "code": -255, "label": ".net" }
        ]
      }
    }
  }
}
