{
  "type": "characters/extended_popups",
  "name": "ro",
  "authors": [ "bertin0" ],
  "mapping": {
    "all": {
      "a": {
        "main": { "$": "auto_text_key", "code": 259, "label": "ă" },
        "relevant": [
          { "$": "auto_text_key", "code":  226, "label": "â" }
        ]
      },
      "i": {
        "main": { "$": "auto_text_key", "code":  238, "label": "î" }
      },
      "s": {
        "main": { "$": "auto_text_key", "code": 537, "label": "ș" }
      },
      "t": {
        "main": { "$": "auto_text_key", "code": 539, "label": "ț" }
      },
      "~right": {
        "main": { "code":   44, "label": "," },
        "relevant": [
          { "code":   38, "label": "&" },
          { "code":   37, "label": "%" },
          { "code":   43, "label": "+" },
          { "code":   34, "label": "\"" },
          { "code":   45, "label": "-" },
          { "code":   58, "label": ":" },
          { "code":   39, "label": "'" },
          { "code":   64, "label": "@" },
          { "code":   59, "label": ";" },
          { "code":   47, "label": "/" },
          { "code":   40, "label": "(" },
          { "code":   41, "label": ")" },
          { "code":   35, "label": "#" },
          { "code":   33, "label": "!" },
          { "code":   63, "label": "?" }
        ]
      }
    },
    "uri": {
      "~right": {
        "main": { "code": -255, "label": ".com" },
        "relevant": [
          { "code": -255, "label": ".ro" },
          { "code": -255, "label": ".org" },
          { "code": -255, "label": ".net" },
          { "code": -255, "label": ".edu" }
        ]
      }
    }
  }
}
