{
  "type": "characters/extended_popups",
  "name": "sv",
  "authors": [ "patrickgold" ],
  "mapping": {
    "all": {
      "a": {
        "relevant": [
          { "$": "auto_text_key", "code":  228, "label": "ä" },
          { "$": "auto_text_key", "code":  224, "label": "à" },
          { "$": "auto_text_key", "code":  226, "label": "â" },
          { "$": "auto_text_key", "code":  261, "label": "ą" },
          { "$": "auto_text_key", "code":  227, "label": "ã" },
          { "$": "auto_text_key", "code":  229, "label": "å" },
          { "$": "auto_text_key", "code":  230, "label": "æ" },
          { "$": "auto_text_key", "code":  225, "label": "á" }
        ]
      },
      "c": {
        "relevant": [
          { "$": "auto_text_key", "code":  231, "label": "ç" },
          { "$": "auto_text_key", "code":  269, "label": "č" },
          { "$": "auto_text_key", "code":  263, "label": "ć" }
        ]
      },
      "d": {
        "relevant": [
          { "$": "auto_text_key", "code":  240, "label": "ð" },
          { "$": "auto_text_key", "code":  271, "label": "ď" }
        ]
      },
      "e": {
        "relevant": [
          { "$": "auto_text_key", "code":  233, "label": "é" },
          { "$": "auto_text_key", "code":  234, "label": "ê" },
          { "$": "auto_text_key", "code":  232, "label": "è" },
          { "$": "auto_text_key", "code":  235, "label": "ë" },
          { "$": "auto_text_key", "code":  281, "label": "ę" }
        ]
      },
      "i": {
        "relevant": [
          { "$": "auto_text_key", "code":  237, "label": "í" },
          { "$": "auto_text_key", "code":  239, "label": "ï" },
          { "$": "auto_text_key", "code":  299, "label": "ī" },
          { "$": "auto_text_key", "code":  303, "label": "į" },
          { "$": "auto_text_key", "code":  238, "label": "î" },
          { "$": "auto_text_key", "code":  236, "label": "ì" }
        ]
      },
      "l": {
        "relevant": [
          { "$": "auto_text_key", "code":  322, "label": "ł" }
        ]
      },
      "n": {
        "relevant": [
          { "$": "auto_text_key", "code":  324, "label": "ń" },
          { "$": "auto_text_key", "code":  328, "label": "ň" },
          { "$": "auto_text_key", "code":  241, "label": "ñ" }
        ]
      },
      "o": {
        "relevant": [
          { "$": "auto_text_key", "code":  246, "label": "ö" },
          { "$": "auto_text_key", "code":  333, "label": "ō" },
          { "$": "auto_text_key", "code":  245, "label": "õ" },
          { "$": "auto_text_key", "code":  242, "label": "ò" },
          { "$": "auto_text_key", "code":  244, "label": "ô" },
          { "$": "auto_text_key", "code":  243, "label": "ó" },
          { "$": "auto_text_key", "code":  339, "label": "œ" },
          { "$": "auto_text_key", "code":  248, "label": "ø" }
        ]
      },
      "r": {
        "relevant": [
          { "$": "auto_text_key", "code":  345, "label": "ř" }
        ]
      },
      "s": {
        "relevant": [
          { "$": "auto_text_key", "code":  347, "label": "ś" },
          { "$": "auto_text_key", "code":  353, "label": "š" },
          { "$": "auto_text_key", "code":  351, "label": "ş" },
          { "$": "auto_text_key", "code":  223, "label": "ß" }
        ]
      },
      "t": {
        "relevant": [
          { "$": "auto_text_key", "code":  357, "label": "ť" },
          { "$": "auto_text_key", "code":  254, "label": "þ" }
        ]
      },
      "u": {
        "relevant": [
          { "$": "auto_text_key", "code":  252, "label": "ü" },
          { "$": "auto_text_key", "code":  363, "label": "ū" },
          { "$": "auto_text_key", "code":  249, "label": "ù" },
          { "$": "auto_text_key", "code":  250, "label": "ú" },
          { "$": "auto_text_key", "code":  251, "label": "û" }
        ]
      },
      "y": {
        "relevant": [
          { "$": "auto_text_key", "code":  253, "label": "ý" },
          { "$": "auto_text_key", "code":  255, "label": "ÿ" }
        ]
      },
      "z": {
        "relevant": [
          { "$": "auto_text_key", "code":  378, "label": "ź" },
          { "$": "auto_text_key", "code":  380, "label": "ż" },
          { "$": "auto_text_key", "code":  382, "label": "ž" }
        ]
      },
      "ä": {
        "relevant": [
          { "$": "auto_text_key", "code":  230, "label": "æ" }
        ]
      },
      "ö": {
        "relevant": [
          { "$": "auto_text_key", "code":  248, "label": "ø" },
          { "$": "auto_text_key", "code":  339, "label": "œ" }
        ]
      },
      "~right": {
        "main": { "code":   44, "label": "," },
        "relevant": [
          { "code":   38, "label": "&" },
          { "code":   37, "label": "%" },
          { "code":   43, "label": "+" },
          { "code":   34, "label": "\"" },
          { "code":   45, "label": "-" },
          { "code":   58, "label": ":" },
          { "code":   39, "label": "'" },
          { "code":   64, "label": "@" },
          { "code":   59, "label": ";" },
          { "code":   47, "label": "/" },
          { "code":   40, "label": "(" },
          { "code":   41, "label": ")" },
          { "code":   35, "label": "#" },
          { "code":   33, "label": "!" },
          { "code":   63, "label": "?" }
        ]
      }
    },
    "uri": {
      "~right": {
        "main": { "code": -255, "label": ".com" },
        "relevant": [
          { "code": -255, "label": ".gov" },
          { "code": -255, "label": ".edu" },
          { "code": -255, "label": ".org" },
          { "code": -255, "label": ".net" }
        ]
      }
    }
  }
}
