{
  "type": "characters/extended_popups",
  "name": "tr",
  "authors": [ "kisekinopureya", "patrickgold", "dvrnynr" ],
  "mapping": {
    "all": {
      "c": {
        "main": { "$": "auto_text_key", "code":  231, "label": "ç" }
      },
      "g": {
        "main": { "$": "auto_text_key", "code":  287, "label": "ğ" }
      },
      "i": {
        "main": { "$": "case_selector",
          "lower": { "code":  305, "label": "ı" },
          "upper": { "code":   73, "label": "I" }
        }
      },
      "ı": {
        "main": { "$": "case_selector",
          "lower": { "code":  105, "label": "i" },
          "upper": { "code":  304, "label": "İ" }
        }
      },
      "o": {
        "main": { "$": "auto_text_key", "code":  246, "label": "ö" }
      },
      "s": {
        "main": { "$": "auto_text_key", "code":  351, "label": "ş" }
      },
      "u": {
        "main": { "$": "auto_text_key", "code":  252, "label": "ü" }
      },
      "~right": {
        "main": { "code":   44, "label": "," },
        "relevant": [
          { "code":   38, "label": "&" },
          { "code":   37, "label": "%" },
          { "code":   43, "label": "+" },
          { "code":   34, "label": "\"" },
          { "code":   45, "label": "-" },
          { "code":   58, "label": ":" },
          { "code":   39, "label": "'" },
          { "code":   64, "label": "@" },
          { "code":   59, "label": ";" },
          { "code":   47, "label": "/" },
          { "code":   40, "label": "(" },
          { "code":   41, "label": ")" },
          { "code":   35, "label": "#" },
          { "code":   33, "label": "!" },
          { "code":   63, "label": "?" }
        ]
      }
    },
    "uri": {
      "~right": {
        "main": { "code": -255, "label": ".com" },
        "relevant": [
          { "code": -255, "label": ".gov.tr" },
          { "code": -255, "label": ".org" },
          { "code": -255, "label": ".edu.tr" },
          { "code": -255, "label": ".com.tr" },
          { "code": -255, "label": ".net" }
        ]
      }
    }
  }
}
