{
  "type": "characters",
  "name": "dvorak",
  "label": "Dvorak",
  "authors": [ "patrickgold" ],
  "direction": "ltr",
  "modifier": "dvorak",
  "arrangement": [
    [
      { "$": "variation_selector",
        "default":  { "$": "case_selector",
          "lower": { "code":   39, "label": "'", "popup": {
            "relevant": [
              { "code":   33, "label": "!" },
              { "code":   34, "label": "\"" }
            ]
          } },
          "upper": { "code":   34, "label": "\"", "popup": {
            "relevant": [
              { "code":   33, "label": "!" },
              { "code":   39, "label": "'"}
            ]
          } }
        },
        "email":    { "code":   64, "label": "@" },
        "uri":      { "code":   47, "label": "/" }
      },
      { "$": "case_selector",
        "lower": { "code":   44, "label": ",", "popup": {
          "relevant": [
            { "code":   60, "label": "<" },
            { "code":   63, "label": "?" }
          ]
        } },
        "upper": { "code":   60, "label": "<", "popup": {
          "relevant": [
            { "code":   44, "label": "," },
            { "code":   63, "label": "?" }
          ]
        } }
      },
      { "$": "case_selector",
        "lower": { "code":   46, "label": ".", "popup": {
          "relevant": [
            { "code":   62, "label": ">" }
          ]
        } },
        "upper": { "code":   62, "label": ">", "popup": {
          "relevant": [
            { "code":   46, "label": "." }
          ]
        } }
      },
      { "$": "auto_text_key", "code":  112, "label": "p" },
      { "$": "auto_text_key", "code":  121, "label": "y" },
      { "$": "auto_text_key", "code":  102, "label": "f" },
      { "$": "auto_text_key", "code":  103, "label": "g" },
      { "$": "auto_text_key", "code":   99, "label": "c" },
      { "$": "auto_text_key", "code":  114, "label": "r" },
      { "$": "auto_text_key", "code":  108, "label": "l" }
    ],
    [
      { "$": "auto_text_key", "code":   97, "label": "a" },
      { "$": "auto_text_key", "code":  111, "label": "o" },
      { "$": "auto_text_key", "code":  101, "label": "e" },
      { "$": "auto_text_key", "code":  117, "label": "u" },
      { "$": "auto_text_key", "code":  105, "label": "i" },
      { "$": "auto_text_key", "code":  100, "label": "d" },
      { "$": "auto_text_key", "code":  104, "label": "h" },
      { "$": "auto_text_key", "code":  116, "label": "t" },
      { "$": "auto_text_key", "code":  110, "label": "n" },
      { "$": "auto_text_key", "code":  115, "label": "s" }
    ],
    [
      { "$": "auto_text_key", "code":  106, "label": "j" },
      { "$": "auto_text_key", "code":  107, "label": "k" },
      { "$": "auto_text_key", "code":  120, "label": "x" },
      { "$": "auto_text_key", "code":   98, "label": "b" },
      { "$": "auto_text_key", "code":  109, "label": "m" },
      { "$": "auto_text_key", "code":  119, "label": "w" },
      { "$": "auto_text_key", "code":  118, "label": "v" }
    ]
  ]
}
