{
  "type": "characters",
  "name": "qwerty",
  "label": "QWERTY",
  "authors": [
    "patrickgold"
  ],
  "direction": "ltr",
  "arrangement": [
    [
      {
        "label": "\uD83C\uDD40"
      },
      {
        "label": "\uD83C\uDD46"
      },
      {
        "label": "\uD83C\uDD34"
      },
      {
        "label": "\uD83C\uDD41"
      },
      {
        "label": "\uD83C\uDD43"
      },
      {
        "label": "\uD83C\uDD48"
      },
      {
        "label": "\uD83C\uDD44"
      },
      {
        "label": "\uD83C\uDD38"
      },
      {
        "label": "\uD83C\uDD3E͓̽"
      },
      {
        "label": "\uD83C\uDD3F"
      }
    ],
    [
      {
        "label": "\uD83C\uDD30"
      },
      {
        "label": "\uD83C\uDD42"
      },
      {
        "label": "\uD83C\uDD33"
      },
      {
        "label": "\uD83C\uDD35"
      },
      {
        "label": "\uD83C\uDD36"
      },
      {
        "label": "\uD83C\uDD37"
      },
      {
        "label": "\uD83C\uDD39"
      },
      {
        "label": "\uD83C\uDD3A"
      },
      {
        "label": "\uD83C\uDD3B"
      }
    ],
    [
      {
        "label": "\uD83C\uDD49"
      },
      {
        "label": "\uD83C\uDD47"
      },
      {
        "label": "\uD83C\uDD32"
      },
      {
        "label": "\uD83C\uDD45"
      },
      {
        "label": " \uD83C\uDD31"
      },
      {
        "label": "\uD83C\uDD3D"
      },
      {
        "label": "\uD83C\uDD3C"
      }
    ]
  ]
}
