{
  "type": "characters",
  "name": "qwerty",
  "label": "QWERTY",
  "authors": [
    "patrickgold"
  ],
  "direction": "ltr",
  "arrangement": [
    [



      {
        "label": "q"
      },
      {
        "label": "ᾧ"
      },
      {
        "label": "ἔ"
      },
      {
        "label": "ʀ"
      },
      {
        "label": "ҭ"
      },
      {
        "label": "ẏ"
      },
      {
        "label": "ὗ"
      },
      {
        "label": "ἷ"
      },
      {
        "label": "ὄ"
      },
      {
        "label": "ῥ"
      }
    ],
    [




      {
        "label": "ᾄ"
      },
      {
        "label": "ṩ"
      },
      {
        "label": "ḋ"
      },
      {
        "label": "ғ"
      },
      {
        "label": "ʛ"
      },
      {
        "label": "ђ"
      },
      {
        "label": "ʝ"
      },
      {
        "label": "ќ"
      },
      {
        "label": "ł"
      }
    ],
    [

      {
        "label": "ẓ"
      },
      {
        "label": "ẋ"
      },
      {
        "label": "ƈ"
      },
      {
        "label": "v"
      },
      {
        "label": "в"
      },
      {
        "label": "ᾗ"
      },
      {
        "label": "м"
      }
    ]
  ]
}
