{
  "type": "characters",
  "name": "qwerty",
  "label": "QWERTY",
  "authors": [
    "patrickgold"
  ],
  "direction": "ltr",
  "arrangement": [
    [
      {
        "label": "\uD80C\uDD53"
      },
      {
        "label": "\uD80C\uDD99"
      },
      {
        "label": "\uD800\uDC83"
      },
      {
        "label": "\uD800\uDC82"
      },
      {
        "label": "\uD80C\uDCD7"
      },
      {
        "label": "\uD80C\uDD88"
      },
      {
        "label": "\uD80C\uDC21"
      },
      {
        "label": "\uD80C\uDCF1"
      },
      {
        "label": "\uD80C\uDD77"
      },
      {
        "label": "\uD80C\uDD8F"
      }
    ],
    [
      {
        "label": "\uD80C\uDCE0"
      },
      {
        "label": "\uD80C\uDCF0"
      },
      {
        "label": "\uD80C\uDD01"
      },
      {
        "label": "\uD80C\uDD7F"
      },
      {
        "label": "\uD80C\uDCDF"
      },
      {
        "label": "\uD81A\uDCD4"
      },
      {
        "label": "\uD80C\uDCBB"
      },
      {
        "label": "\uD81A\uDCD8"
      },
      {
        "label": "\uD804\uDC4D"
      }
    ],
    [
      {
        "label": "♔"
      },
      {
        "label": "♕︎"
      },
      {
        "label": "\uD80C\uDC3F"
      },
      {
        "label": "\uD80C\uDC10"
      },
      {
        "label": "\uD80C\uDC89︎"
      },
      {
        "label": "⚢"
      },
      {
        "label": "⚣︎︎"
      }
    ]
  ]
}
