{
  "type": "characters",
  "name": "qwerty",
  "label": "QWERTY",
  "authors": [
    "patrickgold"
  ],
  "direction": "ltr",
  "arrangement": [
    [


      {
        "label": "\uD83C\uDD60"
      },
      {
        "label": "\uD83C\uDD66"
      },
      {
        "label": "\uD83C\uDD54"
      },
      {
        "label": "\uD83C\uDD61"
      },
      {
        "label": "\uD83C\uDD63"
      },
      {
        "label": "\uD83C\uDD68"
      },
      {
        "label": "\uD83C\uDD64"
      },
      {
        "label": "\uD83C\uDD58"
      },
      {
        "label": "\uD83C\uDD5E"
      },
      {
        "label": "\uD83C\uDD5F"
      }
    ],
    [


      {
        "label": "\uD83C\uDD50"
      },
      {
        "label": "\uD83C\uDD62"
      },
      {
        "label": "\uD83C\uDD53"
      },
      {
        "label": "\uD83C\uDD55"
      },
      {
        "label": "\uD83C\uDD56"
      },
      {
        "label": "\uD83C\uDD57"
      },
      {
        "label": "\uD83C\uDD59"
      },
      {
        "label": "\uD83C\uDD5A"
      },
      {
        "label": "\uD83C\uDD5B"
      }
    ],
    [

      {
        "label": "\uD83C\uDD69"
      },
      {
        "label": "\uD83C\uDD67"
      },
      {
        "label": "\uD83C\uDD52"
      },
      {
        "label": "\uD83C\uDD65"
      },
      {
        "label": "\uD83C\uDD51"
      },
      {
        "label": "\uD83C\uDD5D"
      },
      {
        "label": "\uD83C\uDD5C"
      }
    ]
  ]
}
