{
  "type": "characters",
  "name": "qwerty",
  "label": "QWERTY",
  "authors": [
    "patrickgold"
  ],
  "direction": "ltr",
  "arrangement": [
    [

      {
        "$": "auto_text_key", "label": "q̴"
      },
      {
        "$": "auto_text_key","label": "w̴"
      },
      {
        "$": "auto_text_key", "label": "e̴"
      },
      {
        "$": "auto_text_key", "label": "r̴"
      },
      {
        "$": "auto_text_key", "label": "t̴"
      },
      {
        "$": "auto_text_key", "label": "y̴"
      },
      {
        "$": "auto_text_key",  "label": "u̴"
      },
      {
        "$": "auto_text_key", "label": "i̴"
      },
      {
        "$": "auto_text_key",  "label": "o̴"
      },
      {
        "$": "auto_text_key", "label": "p̴"
      }
    ],
    [

      {
        "$": "auto_text_key", "label": "a̴"
      },
      {
        "$": "auto_text_key", "label": "s̴"
      },
      {
        "$": "auto_text_key", "label": "d̴"
      },
      {
        "$": "auto_text_key", "label": "f̴"
      },
      {
        "$": "auto_text_key", "label": "g̴"
      },
      {
        "$": "auto_text_key",  "label": "h̴"
      },
      {
        "$": "auto_text_key", "label": "j̴"
      },
      {
        "$": "auto_text_key",  "label": "k̴"
      },
      {
        "$": "auto_text_key", "label": "l̴"
      }
    ],
    [


      {
        "$": "auto_text_key", "label": "z̴"
      },
      {
        "$": "auto_text_key", "label": "x̴"
      },
      {
        "$": "auto_text_key",  "label": "c̴"
      },
      {
        "$": "auto_text_key", "label": "v̴"
      },
      {
        "$": "auto_text_key",  "label": "b̴"
      },
      {
        "$": "auto_text_key",  "label": "n̴"
      },
      {
        "$": "auto_text_key",  "label": "m̴"
      }
    ]
  ]
}
