{
  "type": "characters",
  "name": "qwerty",
  "label": "QWERTY",
  "authors": [
    "patrickgold"
  ],
  "direction": "ltr",
  "arrangement": [
    [
      {
        "$": "auto_text_key", "label": "q̑̈"
      },
      {
        "$": "auto_text_key", "label": "w̑̈"
      },
      {
        "$": "auto_text_key", "label": "ȇ̈"
      },
      {
        "$": "auto_text_key", "label": "ȓ̈"
      },
      {
        "$": "auto_text_key",  "label": "t̑̈"
      },
      {
        "$": "auto_text_key", "label": "y̑̈"
      },
      {
        "$": "auto_text_key", "label": "ȗ̈"
      },
      {
        "$": "auto_text_key","label": "ı̑̈"
      },
      {
        "$": "auto_text_key", "label": "ȏ̈"
      },
      {
        "$": "auto_text_key", "label": "p̑̈"
      }
    ],
    [
      {
        "$": "auto_text_key",  "label": "ȃ̈"
      },
      {
        "$": "auto_text_key", "label": "s̑̈"
      },
      {
        "$": "auto_text_key","label": "d̑̈"
      },
      {
        "$": "auto_text_key",  "label": "f̑̈"
      },
      {
        "$": "auto_text_key", "label": "g̑̈"
      },
      {
        "$": "auto_text_key", "label": "h̑̈"
      },
      {
        "$": "auto_text_key","label": "j̑̈"
      },
      {
        "$": "auto_text_key",  "label": "k̑̈"
      },
      {
        "$": "auto_text_key",  "label": "l̑̈"
      }
    ],
    [
      {
        "$": "auto_text_key","label": "z̑̈"
      },
      {
        "$": "auto_text_key",  "label": "x̑̈"
      },
      {
        "$": "auto_text_key", "label": "ç̑̈"
      },
      {
        "$": "auto_text_key",  "label": "v̑̈"
      },
      {
        "$": "auto_text_key", "label": "b̑̈"
      },
      {
        "$": "auto_text_key", "label": "ñ̑̈"
      },
      {
        "$": "auto_text_key",  "label": "m̑̈"
      }
    ]
  ]
}
