{
  "type": "characters",
  "name": "qwerty",
  "label": "QWERTY",
  "authors": [
    "patrickgold"
  ],
  "direction": "ltr",
  "arrangement": [
    [
      {
        "label": "★"
      },
      {
        "label": "✰"
      },
      {
        "label": "✯"
      },
      {
        "label": "☆"
      },
      {
        "label": "✩"
      },
      {
        "label": "✵"
      },
      {
        "label": "༆"
      },
      {
        "label": "༄"
      },
      {
        "label": "߷"
      },
      {
        "label": "\uD81A\uDDB9"
      }
    ],
    [
      {
        "label": "☢"
      },
      {
        "label": "☼"
      },
      {
        "label": "᯽"
      },
      {
        "label": "✫"
      },
      {
        "label": "۞"
      },
      {
        "label": "\uD81A\uDCD4"
      },
      {
        "label": "⍟"
      },
      {
        "label": "\uD81A\uDCD8"
      },
      {
        "label": "\uD804\uDC4D"
      }
    ],
    [
      {
        "label": "Ꙭ"
      },
      {
        "label": "❀"
      },
      {
        "label": "❄︎"
      },
      {
        "label": "❁"
      },
      {
        "label": "᯾︎"
      },
      {
        "label": "✪"
      },
      {
        "label": "⁂︎"
      }
    ]
  ]
}
