{
  "type": "characters",
  "name": "qwerty",
  "label": "QWERTY",
  "authors": [
    "patrickgold"
  ],
  "direction": "ltr",
  "arrangement": [
    [
      {
        "$": "auto_text_key",
        "label": "q̲"
      },
      {
        "$": "auto_text_key",
        "label": "w̲"
      },
      {
        "$": "auto_text_key",
        "label": "e̲"
      },
      {
        "$": "auto_text_key",
        "label": "r̲"
      },
      {
        "$": "auto_text_key",
        "label": "t̲"
      },
      {
        "$": "auto_text_key",
        "label": "y̲"
      },
      {
        "$": "auto_text_key",
        "label": "u̲"
      },
      {
        "$": "auto_text_key",
        "label": "i̲"
      },
      {
        "$": "auto_text_key",
        "label": "o̲"
      },
      {
        "$": "auto_text_key",
        "label": "p̲"
      }
    ],
    [
      {
        "$": "auto_text_key",
        "label": "a̲"
      },
      {
        "$": "auto_text_key",
        "label": "s̲"
      },
      {
        "$": "auto_text_key",
        "label": "d̲"
      },
      {
        "$": "auto_text_key",
        "label": "f̲"
      },
      {
        "$": "auto_text_key",
        "label": "g̲"
      },
      {
        "$": "auto_text_key",
        "label": "h̲"
      },
      {
        "$": "auto_text_key",
        "label": "j̲"
      },
      {
        "$": "auto_text_key",
        "label": "k̲"
      },
      {
        "$": "auto_text_key",
        "label": "l̲"
      }
    ],
    [
      {
        "$": "auto_text_key",
        "label": "z̲"
      },
      {
        "$": "auto_text_key",
        "label": "x̲"
      },
      {
        "$": "auto_text_key",
        "label": "c̲"
      },
      {
        "$": "auto_text_key",
        "label": "v̲"
      },
      {
        "$": "auto_text_key",
        "label": "b̲"
      },
      {
        "$": "auto_text_key",
        "label": "n̲"
      },
      {
        "$": "auto_text_key",
        "label": "m̲"
      }
    ]
  ]
}
