{
  "type": "characters",
  "name": "qwerty",
  "label": "QWERTY",
  "authors": [
    "patrickgold"
  ],
  "direction": "ltr",
  "arrangement": [
    [
      {
        "label": "\ud835\udcc6"
      },
      {
        "label": "\ud835\udccc"
      },
      {
        "label": "\ud835\udc52"
      },
      {
        "label": "\ud835\udcc7"
      },
      {
        "label": "\ud835\udcc9"
      },
      {
        "label": "\ud835\udcce"
      },
      {
        "label": "\ud835\udcca"
      },
      {
        "label": "\ud835\udcbe"
      },
      {
        "label": "♡"
      },
      {
        "label": "\ud835\udcc5"
      }
    ],
    [
      {
        "label": "\ud835\udcb6"
      },
      {
        "label": "\ud835\udcc8"
      },
      {
        "label": "\ud835\udcb9"
      },
      {
        "label": "\ud835\udcbb"
      },
      {
        "label": "\ud835\udc54"
      },
      {
        "label": "\ud835\udcbd"
      },
      {
        "label": "\ud835\udcbf"
      },
      {
        "label": "\ud835\udcc0"
      }
    ],
    [
      {
        "label": "\ud835\udcc1"
      },
      {
        "label": "\ud835\udccf"
      },
      {
        "label": "\ud835\udccd"
      },
      {
        "label": "\ud835\udcb8"
      },
      {
        "label": "\ud835\udccb"
      },
      {
        "label": "\ud835\udcb7"
      }
    ]
  ]
}
