{
  "type": "characters",
  "name": "qwerty",
  "label": "QWERTY",
  "authors": [
    "patrickgold"
  ],
  "direction": "ltr",
  "arrangement": [
    [
      {
        "label": "\uD835\uDCC6"
      },
      {
        "label": "\uD835\uDCCC"
      },
      {
        "label": "\uD835\uDC52"
      },
      {
        "label": "\uD835\uDCC7"
      },
      {
        "label": "\uD835\uDCC9"
      },
      {
        "label": "\uD835\uDCCE"
      },
      {
        "label": "\uD835\uDCCA"
      },
      {
        "label": "\uD835\uDCBE"
      },
      {
        "label": "\uD835\uDC5C"
      },
      {
        "label": "\uD835\uDCC5"
      }
    ],
    [
      {
        "label": "\uD835\uDCB6"
      },
      {
        "label": "\uD835\uDCC8"
      },
      {
        "label": "\uD835\uDCB9"
      },
      {
        "label": "\uD835\uDCBB"
      },
      {
        "label": "\uD835\uDC54"
      },
      {
        "label": "\uD835\uDCBD"
      },
      {
        "label": "\uD835\uDCBF"
      },
      {
        "label": "\uD835\uDCC0"
      },
      {
        "label": "\uD835\uDCC1"
      }
    ],
    [
      {
        "label": "\uD835\uDCCF"
      },
      {
        "label": "\uD835\uDCCD"
      },
      {
        "label": "\uD835\uDCB8"
      },
      {
        "label": "\uD835\uDCCB"
      },
      {
        "label": "\uD835\uDCB7︎"
      },
      {
        "label": "\uD835\uDCC3"
      },
      {
        "label": "\uD835\uDCC2︎︎"
      }
    ]
  ]
}
