{
  "type": "characters",
  "name": "qwerty",
  "label": "QWERTY",
  "authors": [
    "patrickgold"
  ],
  "direction": "ltr",
  "arrangement": [
    [
      {
        "$": "auto_text_key",
        "label": "q"
      },
      {
        "$": "auto_text_key",
        "label": "w"
      },
      {
        "$": "auto_text_key",
        "label": "e"
      },
      {
        "$": "auto_text_key",
        "label": "r"
      },
      {
        "$": "auto_text_key",
        "label": "т"
      },
      {
        "$": "auto_text_key",
        "label": "y"
      },
      {
        "$": "auto_text_key",
        "label": "υ"
      },
      {
        "$": "auto_text_key",
        "label": "ι"
      },
      {
        "$": "auto_text_key",
        "label": "o"
      },
      {
        "$": "auto_text_key",
        "label": "p"
      }
    ],
    [
      {
        "$": "auto_text_key",
        "label": "α"
      },
      {
        "$": "auto_text_key",
        "label": "ѕ"
      },
      {
        "$": "auto_text_key",
        "label": "d"
      },
      {
        "$": "auto_text_key",
        "label": "ғ"
      },
      {
        "$": "auto_text_key",
        "label": "ɢ"
      },
      {
        "$": "auto_text_key",
        "label": "н"
      },
      {
        "$": "auto_text_key",
        "label": "j"
      },
      {
        "$": "auto_text_key",
        "label": "ĸ"
      },
      {
        "$": "auto_text_key",
        "label": "l"
      }
    ],
    [
      {
        "$": "auto_text_key",
        "label": "z"
      },
      {
        "$": "auto_text_key",
        "label": "х"
      },
      {
        "$": "auto_text_key",
        "label": "c"
      },
      {
        "$": "auto_text_key",
        "label": "v"
      },
      {
        "$": "auto_text_key",
        "label": "в"
      },
      {
        "$": "auto_text_key",
        "label": "ɴ"
      },
      {
        "$": "auto_text_key",
        "label": "м"
      }
    ]
  ]
}
