{
  "type": "characters",
  "name": "qwerty",
  "label": "QWERTY",
  "authors": [
    "patrickgold"
  ],
  "direction": "ltr",
  "arrangement": [
    [
      {
        "label": "\ud83c\udd80"
      },
      {
        "label": "\ud83c\udd86"
      },
      {
        "label": "\ud83c\udd74"
      },
      {
        "label": "\ud83c\udd81"
      },
      {
        "label": "\ud83c\udd83"
      },
      {
        "label": "\ud83c\udd88"
      },
      {
        "label": "\ud83c\udd84"
      },
      {
        "label": "\ud83c\udd78"
      },
      {
        "label": "\ud83c\udd7e"
      },
      {
        "label": "\ud83c\udd7f"
      }
    ],
    [
      {
        "label": "\ud83c\udd70"
      },
      {
        "label": "\ud83c\udd82"
      },
      {
        "label": "\ud83c\udd73"
      },
      {
        "label": "\ud83c\udd75"
      },
      {
        "label": "\ud83c\udd76"
      },
      {
        "label": "\ud83c\udd77"
      },
      {
        "label": "\ud83c\udd79"
      },
      {
        "label": "\ud83c\udd7a"
      },
      {
        "label": "\ud83c\udd7b"
      }
    ],
    [
      {
        "label": "\ud83c\udd89"
      },
      {
        "label": "\ud83c\udd87"
      },
      {
        "label": "\ud83c\udd72"
      },
      {
        "label": "\ud83c\udd85"
      },
      {
        "label": "\ud83c\udd71"
      },
      {
        "label": "\ud83c\udd7d"
      },
      {
        "label": "\ud83c\udd7c"
      }
    ]
  ]
}
