{
  "type": "characters",
  "name": "qwerty",
  "label": "QWERTY",
  "authors": [
    "patrickgold"
  ],
  "direction": "ltr",
  "arrangement": [
    [
      {
        "label": "Ɋ"
      },
      {
        "label": "山"
      },
      {
        "label": "乇"
      },
      {
        "label": "尺"
      },
      {
        "label": "ㄒ"
      },
      {
        "label": "ㄚ"
      },
      {
        "label": "ㄩ"
      },
      {
        "label": "丨"
      },
      {
        "label": "ㄖ"
      },
      {
        "label": "卩"
      }
    ],
    [
      {
        "label": "卂"
      },
      {
        "label": "丂"
      },
      {
        "label": "ᗪ"
      },
      {
        "label": "千"
      },
      {
        "label": "Ꮆ"
      },
      {
        "label": "卄"
      },
      {
        "label": "ﾌ"
      },
      {
        "label": "Ҝ"
      },
      {
        "label": "ㄥ"
      }
    ],
    [
      {
        "label": "乙"
      },
      {
        "label": "乂"
      },
      {
        "label": "匚"
      },
      {
        "label": "ᐯ"
      },
      {
        "label": "乃"
      },
      {
        "label": "几"
      },
      {
        "label": "爪"
      }
    ]
  ]
}
