{
  "type": "characters",
  "name": "qwerty",
  "label": "QWERTY",
  "authors": [
    "patrickgold"
  ],
  "direction": "ltr",
  "arrangement": [
    [

      {
        "$": "auto_text_key",  "label": "q̶"
      },
      {
        "$": "auto_text_key", "label": "w̶"
      },
      {
        "$": "auto_text_key", "label": "e̶"
      },
      {
        "$": "auto_text_key",  "label": "r̶"
      },
      {
        "$": "auto_text_key", "label": "t̶"
      },
      {
        "$": "auto_text_key", "label": "y̶"
      },
      {
        "$": "auto_text_key",  "label": "u̶"
      },
      {
        "$": "auto_text_key", "label": "i̶"
      },
      {
        "$": "auto_text_key", "label": "o̶"
      },
      {
        "$": "auto_text_key", "label": "p̶"
      }
    ],
    [


      {
        "$": "auto_text_key",  "label": "a̶"
      },
      {
        "$": "auto_text_key", "label": "s̶"
      },
      {
        "$": "auto_text_key", "label": "d̶"
      },
      {
        "$": "auto_text_key", "label": "f̶"
      },
      {
        "$": "auto_text_key", "label": "g̶"
      },
      {
        "$": "auto_text_key", "label": "h̶"
      },
      {
        "$": "auto_text_key",  "label": "j̶"
      },
      {
        "$": "auto_text_key", "label": "k̶"
      },
      {
        "$": "auto_text_key", "label": "l̶"
      }
    ],
    [
      {
        "$": "auto_text_key",  "label": "z̶"
      },
      {
        "$": "auto_text_key", "label": "x̶"
      },
      {
        "$": "auto_text_key",  "label": "c̶"
      },
      {
        "$": "auto_text_key", "label": "v̶"
      },
      {
        "$": "auto_text_key", "label": "b̶"
      },
      {
        "$": "auto_text_key", "label": "n̶"
      },
      {
        "$": "auto_text_key", "label": "m̶͓̽"
      }
    ]
  ]
}
