{
  "type": "characters",
  "name": "qwerty",
  "label": "QWERTY",
  "authors": [
    "patrickgold"
  ],
  "direction": "ltr",
  "arrangement": [
    [
      {
        "label": "\ud835\ude9a"
      },
      {
        "label": "\ud835\udea0"
      },
      {
        "label": "\ud835\ude8e"
      },
      {
        "label": "\ud835\ude9b"
      },
      {
        "label": "\ud835\ude9d"
      },
      {
        "label": "\ud835\udea2"
      },
      {
        "label": "\ud835\ude9e"
      },
      {
        "label": "\ud835\ude92"
      },
      {
        "label": "\ud835\ude98"
      },
      {
        "label": "\ud835\ude99"
      }
    ],
    [
      {
        "label": "\ud835\ude8a"
      },
      {
        "label": "\ud835\ude9c"
      },
      {
        "label": "\ud835\ude8d"
      },
      {
        "label": "\ud835\ude8f"
      },
      {
        "label": "\ud835\ude90"
      },
      {
        "label": "\ud835\ude91"
      },
      {
        "label": "\ud835\ude93"
      },
      {
        "label": "\ud835\ude94"
      },
      {
        "label": "\ud835\ude95"
      }
    ],
    [
      {
        "label": "\ud835\udea3"
      },
      {
        "label": "\ud835\udea1"
      },
      {
        "label": "\ud835\ude8c"
      },
      {
        "label": "\ud835\ude9f"
      },
      {
        "label": "\ud835\ude8b"
      },
      {
        "label": "\ud835\ude97"
      },
      {
        "label": "\ud835\ude96"
      }
    ]
  ]
}
