{
  "type": "characters",
  "name": "qwerty",
  "label": "QWERTY",
  "authors": [
    "patrickgold"
  ],
  "direction": "ltr",
  "arrangement": [
    [
      {
        "label": "\uD835\uDE66"
      },
      {
        "label": "\uD835\uDE6C"
      },
      {
        "label": "\uD835\uDE5A"
      },
      {
        "label": "\uD835\uDE67"
      },
      {
        "label": "\uD835\uDE69"
      },
      {
        "label": "\uD835\uDE6E"
      },
      {
        "label": "\uD835\uDE6A"
      },
      {
        "label": "\uD835\uDE5E"
      },
      {
        "label": "\uD835\uDE64"
      },
      {
        "label": "\uD835\uDE65"
      }
    ],
    [
      {
        "label": "\uD835\uDE56"
      },
      {
        "label": "\uD835\uDE68"
      },
      {
        "label": "\uD835\uDE59"
      },
      {
        "label": "\uD835\uDE5B"
      },
      {
        "label": "\uD835\uDE5C"
      },
      {
        "label": "\uD835\uDE5D"
      },
      {
        "label": "\uD835\uDE5F"
      },
      {
        "label": "\uD835\uDE60"
      },
      {
        "label": "\uD835\uDE61"
      }
    ],
    [
      {
        "label": "\uD835\uDE6F"
      },
      {
        "label": "\uD835\uDE6D"
      },
      {
        "label": "\uD835\uDE58"
      },
      {
        "label": "\uD835\uDE6B"
      },
      {
        "label": "\uD835\uDE57"
      },
      {
        "label": "\uD835\uDE63"
      },
      {
        "label": "\uD835\uDE62"
      }
    ]
  ]
}
