{
  "type": "characters",
  "name": "qwerty",
  "label": "QWERTY",
  "authors": [ "patrickgold" ],
  "direction": "ltr",
  "arrangement": [
    [


      { "label":   "\uD835\uDD96" },
      { "label":   "\uD835\uDD9C" },
      { "label":   "\uD835\uDD8A" },
      { "label":   "\uD835\uDD97" },
      { "label":   "\uD835\uDD99" },
      { "label":   "\uD835\uDD9E" },
      { "label":   "\uD835\uDD9A"},
      { "label":   "\uD835\uDD8E" },
      { "label":   "\uD835\uDD94"},
      { "label":   "\uD835\uDD95" }
    ], [
      { "label":  "\uD835\uDD86" },
      { "label":  "\uD835\uDD98"},
      { "label":  "\uD835\uDD89" },
      { "label":  "\uD835\uDD8B" },
      { "label":  "\uD835\uDD8C" },
      { "label":  "\uD835\uDD8D" },
      { "label":  "\uD835\uDD8F" },
      { "label":  "\uD835\uDD90" },
      { "label":  "\uD835\uDD91" }
    ], [
      { "label":   "\uD835\uDD9F"},
      { "label":   "\uD835\uDD9D" },
      { "label":   "\uD835\uDD88"},
      { "label":  "\uD835\uDD9B"},
      { "label":   "\uD835\uDD87"},
      { "label": "\uD835\uDD93"},
      { "label": "\uD835\uDD92"}
    ]
  ]
}
