{
  "type": "characters",
  "name": "qwerty",
  "label": "QWERTY",
  "authors": [
    "patrickgold"
  ],
  "direction": "ltr",
  "arrangement": [
    [
      {
        "label": "b"
      },
      {
        "label": "ʍ"
      },
      {
        "label": "ǝ"
      },
      {
        "label": "ɹ"
      },
      {
        "label": "ʇ"
      },
      {
        "label": "ʎ"
      },
      {
        "label": "n"
      },
      {
        "label": "ı"
      },
      {
        "label": "o"
      },
      {
        "label": "d"
      }
    ],
    [
      {
        "label": "ɐ"
      },
      {
        "label": "s"
      },
      {
        "label": "p"
      },
      {
        "label": "ɟ"
      },
      {
        "label": "ɓ"
      },
      {
        "label": "ɥ"
      },
      {
        "label": "ɾ"
      },
      {
        "label": "ʞ"
      },
      {
        "label": "l"
      }
    ],
    [
      {
        "label": "z"
      },
      {
        "label": "x"
      },
      {
        "label": "ɔ"
      },
      {
        "label": "ʌ"
      },
      {
        "label": "q"
      },
      {
        "label": "u"
      },
      {
        "label": "ɯ"
      }
    ]
  ]
}
