{
  "type": "characters",
  "name": "qwerty",
  "label": "QWERTY",
  "authors": [
    "patrickgold"
  ],
  "direction": "ltr",
  "arrangement": [
    [
      {
        "label": "\ud835\udc10"
      },
      {
        "label": "ｗ"
      },
      {
        "label": "\ud835\udc04"
      },
      {
        "label": "ⓡ"
      },
      {
        "label": "т"
      },
      {
        "label": "Ｙ"
      },
      {
        "label": "\ud835\udc2e"
      },
      {
        "label": "เ"
      },
      {
        "label": "\ud835\udd46"
      },
      {
        "label": "\ud835\udd61"
      }
    ],
    [
      {
        "label": "ⓐ"
      },
      {
        "label": "ѕ"
      },
      {
        "label": "∂"
      },
      {
        "label": "\ud835\udd57"
      },
      {
        "label": "\ud835\udcd6"
      },
      {
        "label": "Ｈ"
      },
      {
        "label": "נ"
      },
      {
        "label": "\ud835\udcc0"
      },
      {
        "label": "\ud835\udcdb"
      }
    ],
    [
      {
        "label": "ℤ"
      },
      {
        "label": "χ"
      },
      {
        "label": "ｃ"
      },
      {
        "label": "\ud835\udccb"
      },
      {
        "label": "ｂ"
      },
      {
        "label": "几"
      },
      {
        "label": "\ud835\udc0c"
      }
    ]
  ]
}
