{
  "type": "characters",
  "name": "qwerty",
  "label": "QWERTY",
  "authors": [
    "patrickgold"
  ],
  "direction": "ltr",
  "arrangement": [
    [
      {
        "label": "\uD80C\uDC79"
      },
      {
        "label": "❣︎"
      },
      {
        "label": "☾"
      },
      {
        "label": "☽"
      },
      {
        "label": "♫︎"
      },
      {
        "label": "\uD80C\uDCB8"
      },
      {
        "label": "\uD80C\uDCBA"
      },
      {
        "label": "シ︎"
      },
      {
        "label": "㋛︎"
      },
      {
        "label": "\uD80C\uDC80"
      }
    ],
    [
      {
        "label": "♡︎"
      },
      {
        "label": "⌫"
      },
      {
        "label": "❥︎"
      },
      {
        "label": "ఌ︎"
      },
      {
        "label": "ꨄ︎"
      },
      {
        "label": "❦"
      },
      {
        "label": "☀︎︎"
      },
      {
        "label": "☹︎"
      },
      {
        "label": "☻"
      }
    ],
    [
      {
        "label": "☺︎︎"
      },
      {
        "label": "☠︎︎"
      },
      {
        "label": "༒"
      },
      {
        "label": "✞︎"
      },
      {
        "label": "✔︎"
      },
      {
        "label": "☏︎"
      },
      {
        "label": "\uD80C\uDD89︎"
      }
    ]
  ]
}
