{
  "type": "characters",
  "name": "qwerty",
  "label": "QWERTY",
  "authors": [
    "patrickgold"
  ],
  "direction": "ltr",
  "arrangement": [
    [
      {
        "$": "auto_text_key",
        "label": "ᑫ"
      },
      {
        "$": "auto_text_key",
        "label": "ᗯ"
      },
      {
        "$": "auto_text_key",
        "label": "E"
      },
      {
        "$": "auto_text_key",
        "label": "ᖇ"
      },
      {
        "$": "auto_text_key",
        "label": "T"
      },
      {
        "$": "auto_text_key",
        "label": "Y"
      },
      {
        "$": "auto_text_key",
        "label": "ᑌ"
      },
      {
        "$": "auto_text_key",
        "label": "I"
      },
      {
        "$": "auto_text_key",
        "label": "O"
      },
      {
        "$": "auto_text_key",
        "label": "ᑭ"
      }
    ],
    [
      {
        "$": "auto_text_key",
        "label": "ᗩ"
      },
      {
        "$": "auto_text_key",
        "label": "ᔕ"
      },
      {
        "$": "auto_text_key",
        "label": "ᗪ"
      },
      {
        "$": "auto_text_key",
        "label": "ᖴ"
      },
      {
        "$": "auto_text_key",
        "label": "G"
      },
      {
        "$": "auto_text_key",
        "label": "ᕼ"
      },
      {
        "$": "auto_text_key",
        "label": "ᒍ"
      },
      {
        "$": "auto_text_key",
        "label": "K"
      },
      {
        "$": "auto_text_key",
        "label": "ᒪ"
      }
    ],
    [
      {
        "$": "auto_text_key",
        "label": "ᘔ"
      },
      {
        "$": "auto_text_key",
        "label": "᙭"
      },
      {
        "$": "auto_text_key",
        "label": "ᑕ"
      },
      {
        "$": "auto_text_key",
        "label": "ᐯ"
      },
      {
        "$": "auto_text_key",
        "label": "ᗷ"
      },
      {
        "$": "auto_text_key",
        "label": "ᑎ"
      },
      {
        "$": "auto_text_key",
        "label": "ᗰ"
      }
    ]
  ]
}
