{
  "type": "characters",
  "name": "qwerty",
  "label": "QWERTY",
  "authors": [
    "patrickgold"
  ],
  "direction": "ltr",
  "arrangement": [
    [
      {
        "$": "auto_text_key", "label": "『q』"
      },
      {
        "$": "auto_text_key",  "label": "『w』"
      },
      {
        "$": "auto_text_key", "label": "『e』"
      },
      {
        "$": "auto_text_key",  "label": "『r』"
      },
      {
        "$": "auto_text_key",  "label": "『t』"
      },
      {
        "$": "auto_text_key",  "label": "『y』"
      },
      {
        "$": "auto_text_key",  "label": "『u』"
      },
      {
        "$": "auto_text_key",  "label": "『i』"
      },
      {
        "$": "auto_text_key",  "label": "『o』"
      },
      {
        "$": "auto_text_key", "label": "『p』"
      }
    ],
    [
      {
        "$": "auto_text_key",  "label": "『a』"
      },
      {
        "$": "auto_text_key",  "label": "『s』"
      },
      {
        "$": "auto_text_key",  "label": "『d』"
      },
      {
        "$": "auto_text_key", "label": "『f』"
      },
      {
        "$": "auto_text_key", "label": "『g』"
      },
      {
        "$": "auto_text_key",  "label": "『h』"
      },
      {
        "$": "auto_text_key",  "label": "『j』"
      },
      {
        "$": "auto_text_key", "label": "『k』"
      },
      {
        "$": "auto_text_key",  "label": "『l』"
      }
    ],
    [
      {
        "$": "auto_text_key", "label": "『z』"
      },
      {
        "$": "auto_text_key",  "label": "『x』"
      },
      {
        "$": "auto_text_key", "label": "『c』"
      },
      {
        "$": "auto_text_key",  "label": "『v』"
      },
      {
        "$": "auto_text_key", "label": "『b』"
      },
      {
        "$": "auto_text_key",  "label": "『n』"
      },
      {
        "$": "auto_text_key",  "label": "『m』"
      }
    ]
  ]
}
