{
  "type": "characters",
  "name": "qwerty",
  "label": "QWERTY",
  "authors": [
    "patrickgold"
  ],
  "direction": "ltr",
  "arrangement": [
    [
      {
        "$": "auto_text_key",
        "label": "q͓̽"
      },
      {
        "$": "auto_text_key",
        "label": "w͓̽"
      },
      {
        "$": "auto_text_key",
        "label": "e͓̽"
      },
      {
        "$": "auto_text_key",
        "label": "r͓̽"
      },
      {
        "$": "auto_text_key",
        "label": "t͓̽"
      },
      {
        "$": "auto_text_key",
        "label": "y͓̽"
      },
      {
        "$": "auto_text_key",
        "label": "u͓̽"
      },
      {
        "$": "auto_text_key",
        "label": "i͓̽"
      },
      {
        "$": "auto_text_key",
        "label": "o͓̽"
      },
      {
        "$": "auto_text_key",
        "label": "p͓͓̽̽"
      }
    ],
    [
      {
        "$": "auto_text_key",
        "label": "a͓̽"
      },
      {
        "$": "auto_text_key",
        "label": "s͓̽"
      },
      {
        "$": "auto_text_key",
        "label": "d͓̽"
      },
      {
        "$": "auto_text_key",
        "label": "f͓̽"
      },
      {
        "$": "auto_text_key",
        "label": "g͓̽"
      },
      {
        "$": "auto_text_key",
        "label": "h͓̽"
      },
      {
        "$": "auto_text_key",
        "label": "j͓̽"
      },
      {
        "$": "auto_text_key",
        "label": "k͓̽"
      },
      {
        "$": "auto_text_key",
        "label": "l͓̽"
      }
    ],
    [
      {
        "$": "auto_text_key",
        "label": "z͓̽"
      },
      {
        "$": "auto_text_key",
        "label": "x͓̽"
      },
      {
        "$": "auto_text_key",
        "label": "c͓̽"
      },
      {
        "$": "auto_text_key",
        "label": "v͓̽"
      },
      {
        "$": "auto_text_key",
        "label": "b͓̽"
      },
      {
        "$": "auto_text_key",
        "label": "n͓̽"
      },
      {
        "$": "auto_text_key",
        "label": "m͓̽"
      }
    ]
  ]
}
