{
  "type": "characters",
  "name": "qwerty",
  "label": "QWERTY",
  "authors": [
    "patrickgold"
  ],
  "direction": "ltr",
  "arrangement": [
    [

      {
        "$": "auto_text_key",  "label": "q̷"
      },
      {
        "$": "auto_text_key", "label": "w̷"
      },
      {
        "$": "auto_text_key", "label": "e̷"
      },
      {
        "$": "auto_text_key", "label": "r̷"
      },
      {
        "$": "auto_text_key", "label": "t̷"
      },
      {
        "$": "auto_text_key",  "label": "y̷"
      },
      {
        "$": "auto_text_key", "label": "u̷"
      },
      {
        "$": "auto_text_key", "label": "i̷"
      },
      {
        "$": "auto_text_key", "label": "o̷"
      },
      {
        "$": "auto_text_key", "label": "p̷"
      }
    ],
    [

      {
        "$": "auto_text_key", "label": "a̷"
      },
      {
        "$": "auto_text_key",  "label": "s̷"
      },
      {
        "$": "auto_text_key",  "label": "d̷"
      },
      {
        "$": "auto_text_key",  "label": "f̷"
      },
      {
        "$": "auto_text_key",  "label": "g̷"
      },
      {
        "$": "auto_text_key", "label": "h̷"
      },
      {
        "$": "auto_text_key",  "label": "j̷"
      },
      {
        "$": "auto_text_key",  "label": "k̷"
      },
      {
        "$": "auto_text_key",  "label": "l̷"
      }
    ],
    [

      {
        "$": "auto_text_key",  "label": "z̷"
      },
      {
        "$": "auto_text_key",  "label": "x̷"
      },
      {
        "$": "auto_text_key", "label": "c̷"
      },
      {
        "$": "auto_text_key",  "label": "v̷"
      },
      {
        "$": "auto_text_key",  "label": "b̷"
      },
      {
        "$": "auto_text_key", "label": "n̷"
      },
      {
        "$": "auto_text_key",  "label": "m̷"
      }
    ]
  ]
}
