{
  "type": "characters",
  "name": "qwerty",
  "label": "QWERTY",
  "authors": [
    "patrickgold"
  ],
  "direction": "ltr",
  "arrangement": [
    [
      {
        "$": "auto_text_key",  "label": "q҉"
      },
      {
        "$": "auto_text_key",  "label": "w҉"
      },
      {
        "$": "auto_text_key", "label": "e҉"
      },
      {
        "$": "auto_text_key", "label": "r҉"
      },
      {
        "$": "auto_text_key",  "label": "t҉"
      },
      {
        "$": "auto_text_key",  "label": "y҉"
      },
      {
        "$": "auto_text_key", "label": "u҉"
      },
      {
        "$": "auto_text_key",  "label": "i҉"
      },
      {
        "$": "auto_text_key", "label": "o҉"
      },
      {
        "$": "auto_text_key", "label": "p҉"
      }
    ],
    [
      {
        "$": "auto_text_key", "label": "a҉"
      },
      {
        "$": "auto_text_key",  "label": "s҉"
      },
      {
        "$": "auto_text_key",  "label": "d҉"
      },
      {
        "$": "auto_text_key", "label": "f҉"
      },
      {
        "$": "auto_text_key",  "label": "g҉"
      },
      {
        "$": "auto_text_key", "label": "h҉"
      },
      {
        "$": "auto_text_key",  "label": "j҉"
      },
      {
        "$": "auto_text_key",  "label": "k҉"
      },
      {
        "$": "auto_text_key", "label": "l҉"
      }
    ],
    [
      {
        "$": "auto_text_key",  "label": "z҉"
      },
      {
        "$": "auto_text_key",  "label": "x҉"
      },
      {
        "$": "auto_text_key",  "label": "c҉"
      },
      {
        "$": "auto_text_key",  "label": "v҉"
      },
      {
        "$": "auto_text_key",  "label": "b҉"
      },
      {
        "$": "auto_text_key",  "label": "n҉"
      },
      {
        "$": "auto_text_key",  "label": "m҉"
      }
    ]
  ]
}
