{
  "type": "characters",
  "name": "qwerty",
  "label": "QWERTY",
  "authors": [
    "patrickgold"
  ],
  "direction": "ltr",
  "arrangement": [
    [
      {
        "label": "⒬"
      },
      {
        "label": "⒲"
      },
      {
        "label": "⒠"
      },
      {
        "label": "⒭"
      },
      {
        "label": "⒯"
      },
      {
        "label": "⒴"
      },
      {
        "label": "⒰"
      },
      {
        "label": "⒤"
      },
      {
        "label": "⒪"
      },
      {
        "label": "⒫"
      }
    ],
    [
      {
        "label": "⒜"
      },
      {
        "label": "⒮"
      },
      {
        "label": "⒟"
      },
      {
        "label": "⒡"
      },
      {
        "label": "⒢"
      },
      {
        "label": "⒣"
      },
      {
        "label": "⒥"
      },
      {
        "label": "⒦"
      },
      {
        "label": "⒧"
      }
    ],
    [
      {
        "label": "⒵"
      },
      {
        "label": "⒳"
      },
      {
        "label": "⒞"
      },
      {
        "label": "⒱"
      },
      {
        "label": "⒝"
      },
      {
        "label": "⒩"
      },
      {
        "label": "⒨"
      }
    ]
  ]
}
