{
  "type": "characters",
  "name": "qwerty",
  "label": "QWERTY",
  "authors": [
    "patrickgold"
  ],
  "direction": "ltr",
  "arrangement": [
    [
      {
        "label": "q⃠"
      },
      {
        "label": "w⃠"
      },
      {
        "label": "ë⃠"
      },
      {
        "label": "r⃠"
      },
      {
        "label": "t⃠"
      },
      {
        "label": "y⃠"
      },
      {
        "label": "ü⃠"
      },
      {
        "label": "i⃠"
      },
      {
        "label": "o⃠"
      },
      {
        "label": "p⃠"
      }
    ],
    [
      {
        "label": "a⃠"
      },
      {
        "label": "ş⃠"
      },
      {
        "label": "d⃠"
      },
      {
        "label": "f⃠"
      },
      {
        "label": "g⃠"
      },
      {
        "label": "h⃠"
      },
      {
        "label": "j⃠"
      },
      {
        "label": "k⃠"
      },
      {
        "label": "l⃠"
      }
    ],
    [
      {
        "label": "z⃠"
      },
      {
        "label": "x⃠︎"
      },
      {
        "label": "c⃠"
      },
      {
        "label": "v⃠"
      },
      {
        "label": "b⃠︎"
      },
      {
        "label": "n⃠"
      },
      {
        "label": "m⃠︎︎"
      }
    ]
  ]
}
