{
  "type": "characters",
  "name": "qwerty",
  "label": "QWERTY",
  "authors": [
    "patrickgold"
  ],
  "direction": "ltr",
  "arrangement": [
    [
      {
        "label": "Q"
      },
      {
        "label": "ᴡ"
      },
      {
        "label": "ᴇ"
      },
      {
        "label": "ʀ"
      },
      {
        "label": "ᴛ"
      },
      {
        "label": "ʏ"
      },
      {
        "label": "ᴜ"
      },
      {
        "label": "ɪ"
      },
      {
        "label": "ᴏ"
      },
      {
        "label": "ᴘ"
      }
    ],
    [
      {
        "label": "ᴀ"
      },
      {
        "label": "ꜱ"
      },
      {
        "label": "ᴅ"
      },
      {
        "label": "ꜰ"
      },
      {
        "label": "ɢ"
      },
      {
        "label": "ʜ"
      },
      {
        "label": "ᴊ"
      },
      {
        "label": "ᴋ"
      },
      {
        "label": "ʟ"
      }
    ],
    [
      {
        "label": "ᴢ"
      },
      {
        "label": "x"
      },
      {
        "label": "ᴄ"
      },
      {
        "label": "ᴠ"
      },
      {
        "label": "ʙ"
      },
      {
        "label": "ɴ"
      },
      {
        "label": "ᴍ"
      }
    ]
  ]
}
