{
  "type": "characters",
  "name": "qwerty",
  "label": "QWERTY",
  "authors": [
    "patrickgold"
  ],
  "direction": "ltr",
  "arrangement": [
    [
      {
        "label": "ợ"
      },
      {
        "label": "ฬ"
      },
      {
        "label": "є"
      },
      {
        "label": "г"
      },
      {
        "label": "Շ"
      },
      {
        "label": "ץ"
      },
      {
        "label": "ย"
      },
      {
        "label": "เ"
      },
      {
        "label": "๏"
      },
      {
        "label": "ק"
      }
    ],
    [
      {
        "label": "ค"
      },
      {
        "label": "ร"
      },
      {
        "label": "๔"
      },
      {
        "label": "Ŧ"
      },
      {
        "label": "ﻮ"
      },
      {
        "label": "ђ"
      },
      {
        "label": "ן"
      },
      {
        "label": "к"
      },
      {
        "label": "ɭ"
      }
    ],
    [
      {
        "label": "չ"
      },
      {
        "label": "א"
      },
      {
        "label": "ς"
      },
      {
        "label": "ש"
      },
      {
        "label": "ภ"
      },
      {
        "label": "๓"
      }
    ]
  ]
}
