{
  "type": "characters",
  "name": "kurdish_standard",
  "label": 	"کوردی (ق‌ڤ‌ف‌غ)",
  "authors": [ "GoRaN" ],
  "direction": "rtl",
  "modifier": "kurdish",
  "arrangement": [
    [
      { "code":  1602, "label": "ق", "popup": {
        "main": { "code": 1647, "label": "ٯ" }
      } },
      { "code":  1700, "label": "ڤ" },
      { "code":  1601, "label": "ف" },
      { "code":  1594, "label": "غ" },
      { "code":  1593, "label": "ع"},
      { "code":  1607, "label": "ھ" },
      { "code":  1749, "label": "ﻪ", "popup": {
        "main": { "code": 1577, "label": "ة" }
      } },

      { "code":  1578, "label": "ت", "popup": {
        "main": { "code": 1591, "label": "ط" }
      } },
      { "code":  1581, "label": "ح" },
      { "code":  1582, "label": "خ" }
    ],
    [
      { "code":  1588, "label": "ش" },
      { "code":  1587, "label": "س" },
      { "code":  1740, "label": "ی" },
      { "code":  1742, "label": "ێ" },
      { "code":  1604, "label": "ل" },
      { "code":  1717, "label": "ڵ" },
      { "code":  1575, "label": "ا" },
      { "code":  1606, "label": "ن" },
      { "code":  1580, "label": "ج" },
      { "code":  1670, "label": "چ" }
    ],
    [
      { "code":  1576, "label": "ب" },
      { "code":  1586, "label": "ز", "popup": {
        "main": {"code": 1592, "label": "ظ" }
      } },
      { "code":  1585, "label": "ر" },
      { "code":  1685, "label": "ڕ" },
      { "code":  1583, "label": "د", "popup": {
        "main": {"code": 1584, "label": "ذ" }
      } },
      { "code":  -255, "label": "وو" },
      { "code":  1608, "label": "و" },
      { "code":  1734, "label": "ۆ" },
      { "code":  1705, "label": "ک" },
      { "code":  1711, "label": "گ" }

    ],
    [

      { "code":  1574, "label": "ﺋ", "popup": {
        "main": { "code": 1569, "label": "ء" }
      } },

      { "code":  1662, "label": "پ", "popup": {
        "main": { "code": 1579, "label": "ث" }
      } },
      { "code":  1688, "label": "ژ" },
      { "code":  1605, "label": "م" },
      { "code":  1567, "label": "؟" },
      { "code":  1548, "label": "،" },
      { "code":  46, "label": "." }

    ]
  ]
}
