{
  "type": "characters",
  "name": "swiss_french",
  "label": "Swiss French (QWERTZ)",
  "authors": [ "patrickgold" ],
  "direction": "ltr",
  "arrangement": [
    [
      { "$": "auto_text_key", "code":  113, "label": "q" },
      { "$": "auto_text_key", "code":  119, "label": "w" },
      { "$": "auto_text_key", "code":  101, "label": "e" },
      { "$": "auto_text_key", "code":  114, "label": "r" },
      { "$": "auto_text_key", "code":  116, "label": "t" },
      { "$": "auto_text_key", "code":  122, "label": "z" },
      { "$": "auto_text_key", "code":  117, "label": "u" },
      { "$": "auto_text_key", "code":  105, "label": "i" },
      { "$": "auto_text_key", "code":  111, "label": "o" },
      { "$": "auto_text_key", "code":  112, "label": "p" },
      { "$": "auto_text_key", "code":  232, "label": "è", "popup": {
        "relevant": [
          { "$": "auto_text_key", "code":  252, "label": "ü" }
        ]
      } }
    ],
    [
      { "$": "auto_text_key", "code":   97, "label": "a" },
      { "$": "auto_text_key", "code":  115, "label": "s" },
      { "$": "auto_text_key", "code":  100, "label": "d" },
      { "$": "auto_text_key", "code":  102, "label": "f" },
      { "$": "auto_text_key", "code":  103, "label": "g" },
      { "$": "auto_text_key", "code":  104, "label": "h" },
      { "$": "auto_text_key", "code":  106, "label": "j" },
      { "$": "auto_text_key", "code":  107, "label": "k" },
      { "$": "auto_text_key", "code":  108, "label": "l" },
      { "$": "auto_text_key", "code":  233, "label": "é", "popup": {
        "relevant": [
          { "$": "auto_text_key", "code":  246, "label": "ö" }
        ]
      } },
      { "$": "auto_text_key", "code":  224, "label": "à", "popup": {
        "relevant": [
          { "$": "auto_text_key", "code":  228, "label": "ä" }
        ]
      } }
    ],
    [
      { "$": "auto_text_key", "code":  121, "label": "y" },
      { "$": "auto_text_key", "code":  120, "label": "x" },
      { "$": "auto_text_key", "code":   99, "label": "c" },
      { "$": "auto_text_key", "code":  118, "label": "v" },
      { "$": "auto_text_key", "code":   98, "label": "b" },
      { "$": "auto_text_key", "code":  110, "label": "n" },
      { "$": "auto_text_key", "code":  109, "label": "m" }
    ]
  ]
}
