{
  "$type": "dev.patrickgold.florisboard.ime.theme.Theme",
  "name": "floris_night",
  "label": "Floris Night",
  "authors": [ "patrickgold" ],
  "isNightTheme": true,
  "attributes": {
    "window": {
      "colorPrimary": "#4CAF50",
      "colorPrimaryDark": "#388E3C",
      "colorAccent": "#FF9800",
      "navigationBarColor": "@keyboard/background",
      "navigationBarLight": "false",
      "semiTransparentColor": "#20FFFFFF",
      "textColor": "#FFFFFF"
    },
    "keyboard": {
      "background": "#212121"
    },
    "key": {
      "background": "#424242",
      "backgroundPressed": "#616161",
      "foreground": "@window/textColor",
      "foregroundPressed": "@window/textColor",
      "showBorder": "true"
    },
    "key:enter": {
      "background": "@window/colorPrimary",
      "backgroundPressed": "@window/colorPrimaryDark",
      "foreground": "#FFFFFF",
      "foregroundPressed": "#FFFFFF"
    },
    "key:shift:capslock": {
      "foreground": "@window/colorAccent",
      "foregroundPressed": "@window/colorAccent"
    },
    "media": {
      "foreground": "@window/textColor",
      "foregroundAlt": "#BDBDBD"
    },
    "oneHanded": {
      "background": "#1B5E20",
      "foreground": "#EEEEEE"
    },
    "popup": {
      "background": "#757575",
      "backgroundActive": "#BDBDBD",
      "foreground": "@window/textColor"
    },
    "privateMode": {
      "background": "#A000FF",
      "foreground": "#FFFFFF"
    },
    "smartbar": {
      "background": "transparent",
      "foreground": "@window/textColor",
      "foregroundAlt": "#73FFFFFF"
    },
    "smartbarButton": {
      "background": "@key/background",
      "foreground": "@key/foreground"
    },
    "extractEditLayout": {
      "background": "#282828",
      "foreground": "@window/textColor",
      "foregroundAlt": "#73FFFFFF"
    },
    "extractActionButton": {
      "background": "@smartbarButton/background",
      "foreground": "@smartbarButton/foreground"
    },
    "glideTrail": {"foreground":  "#204CAF50"}
  }
}
