{
  "$type": "dev.patrickgold.florisboard.ime.theme.Theme",
  "name": "floris_black_borderless",
  "label": "Floris Black Borderless",
  "authors": [ "serebit" ],
  "isNightTheme": true,
  "attributes": {
    "window": {
      "colorPrimary": "#388E3C",
      "colorPrimaryDark": "#306D32",
      "colorAccent": "#FF9800",
      "navigationBarColor": "@keyboard/background",
      "navigationBarLight": "false",
      "semiTransparentColor": "#20FFFFFF",
      "textColor": "#EEEEEE"
    },
    "keyboard": {
      "background": "#000000"
    },
    "key": {
      "background": "transparent",
      "backgroundPressed": "#7F616161",
      "foreground": "@window/textColor",
      "foregroundPressed": "@window/textColor",
      "showBorder": "false"
    },
    "key:enter": {
      "background": "@window/colorPrimary",
      "backgroundPressed": "@window/colorPrimaryDark",
      "foreground": "@window/textColor",
      "foregroundPressed": "@window/textColor"
    },
    "key:shift:capslock": {
      "foreground": "@window/colorAccent",
      "foregroundPressed": "@window/colorAccent"
    },
    "key:space": {
      "background": "#46616161"
    },
    "media": {
      "foreground": "@window/textColor",
      "foregroundAlt": "#BDBDBD"
    },
    "oneHanded": {
      "background": "#000000",
      "foreground": "@window/textColor"
    },
    "popup": {
      "background": "#363636",
      "backgroundActive": "#5F5F5F",
      "foreground": "@window/textColor"
    },
    "privateMode": {
      "background": "#7800BF",
      "foreground": "@window/textColor"
    },
    "smartbar": {
      "background": "transparent",
      "foreground": "@window/textColor",
      "foregroundAlt": "#73FFFFFF"
    },
    "smartbarButton": {
      "background": "#212121",
      "foreground": "@window/textColor"
    },
    "extractEditLayout": {
      "background": "#282828",
      "foreground": "@window/textColor",
      "foregroundAlt": "#73FFFFFF"
    },
    "extractActionButton": {
      "background": "@smartbarButton/background",
      "foreground": "@smartbarButton/foreground"
    },
    "glideTrail": {"foreground":  "#20388E3C"}
  }
}
