{
  "$type": "dev.patrickgold.florisboard.ime.theme.Theme",
  "name": "theme1",
  "label": "Theme 1",
  "authors": [
    "ninesol"
  ],
  "isNightTheme": false,
  "attributes": {
    "window": {
      "colorPrimary": "36FFFFFF",
      "colorPrimaryDark": "#C33F64",
      "colorAccent": "#FF9800",
      "navigationBarColor": "@keyboard/background",
      "navigationBarLight": "true",
      "semiTransparentColor": "#20000000",
      "textColor": "#FFFFFF",
      "tabTextUnselected": "#80000000",
      "tabTextSelected": "#000000"
    },
    "keyboard": {
      "background": "#FFFFFF",
      "drawableImageName": "theme16"
    },
    "key": {
      "background": "#36FFFFFF",
      "backgroundPressed": "#F5F5F5",
      "foreground": "@window/textColor",
      "foregroundPressed": "@window/textColor",
      "showBorder": "true",
      "elevation": "0.0",
      "strokeColor": "#00000000",
      "cornerRadius": "6.0"
    },
    "key:enter": {
      "background": "@window/colorPrimary",
      "backgroundPressed": "@window/colorPrimaryDark",
      "foreground": "#FFFFFF",
      "foregroundPressed": "#FFFFFF"
    },
    "key:shift": {
      "background": "@window/colorPrimary",
      "backgroundPressed": "@window/colorPrimaryDark",
      "foreground": "#FFFFFF",
      "foregroundPressed": "#FFFFFF"
    },
    "key:shift:capslock": {
      "foreground": "@window/colorAccent",
      "foregroundPressed": "@window/colorAccent"
    },
    "media": {
      "foreground": "@window/textColor",
      "foregroundAlt": "#757575"
    },
    "oneHanded": {
      "background": "#E8F5E9",
      "foreground": "#424242"
    },
    "popup": {
      "background": "#EEEEEE",
      "backgroundActive": "#BDBDBD",
      "foreground": "@window/textColor"
    },
    "privateMode": {
      "background": "#A000FF",
      "foreground": "#FFFFFF"
    },
    "smartbar": {
      "background": "transparent",
      "foreground": "@window/textColor",
      "foregroundAlt": "#8A8A8A"
    },
    "smartbarButton": {
      "background": "@key/background",
      "foreground": "@key/foreground"
    },
    "extractEditLayout": {
      "background": "#E8E8E8",
      "foreground": "@window/textColor",
      "foregroundAlt": "#8A8A8A"
    },
    "extractActionButton": {
      "background": "@smartbarButton/background",
      "foreground": "@smartbarButton/foreground"
    },
    "glideTrail": {
      "foreground": "#204CAF50"
    }
  }
}
